Count,Message,SearchCriteria,Results
443,Response returned successfully,Make:honda,"{'Make_ID': 474, 'Make_Name': 'Honda', 'Model_ID': 1861, 'Model_Name': 'Accord'}"
443,Response returned successfully,Make:honda,"{'Make_ID': 474, 'Make_Name': 'Honda', 'Model_ID': 1863, 'Model_Name': 'Civic'}"
443,Response returned successfully,Make:honda,"{'Make_ID': 474, 'Make_Name': 'Honda', 'Model_ID': 1864, 'Model_Name': 'Pilot'}"
443,Response returned successfully,Make:honda,"{'Make_ID': 474, 'Make_Name': 'Honda', 'Model_ID': 1865, 'Model_Name': 'CR-V'}"
443,Response returned successfully,Make:honda,"{'Make_ID': 474, 'Make_Name': 'Honda', 'Model_ID': 1866, 'Model_Name': 'Ridgeline'}"
443,Response returned successfully,Make:honda,"{'Make_ID': 474, 'Make_Name': 'Honda', 'Model_ID': 1868, 'Model_Name': 'Element'}"
443,Response returned successfully,Make:honda,"{'Make_ID': 474, 'Make_Name': 'Honda', 'Model_ID': 1869, 'Model_Name': 'Odyssey'}"
443,Response returned successfully,Make:honda,"{'Make_ID': 474, 'Make_Name': 'Honda', 'Model_ID': 1870, 'Model_Name': 'Insight'}"
443,Response returned successfully,Make:honda,"{'Make_ID': 474, 'Make_Name': 'Honda', 'Model_ID': 1875, 'Model_Name': 'FCX Clarity'}"
443,Response returned successfully,Make:honda,"{'Make_ID': 474, 'Make_Name': 'Honda', 'Model_ID': 2127, 'Model_Name': 'Fit'}"
443,Response returned successfully,Make:honda,"{'Make_ID': 474, 'Make_Name': 'Honda', 'Model_ID': 2128, 'Model_Name': 'CR-Z'}"
443,Response returned successfully,Make:honda,"{'Make_ID': 474, 'Make_Name': 'Honda', 'Model_ID': 3153, 'Model_Name': 'S2000'}"
443,Response returned successfully,Make:honda,"{'Make_ID': 474, 'Make_Name': 'Honda', 'Model_ID': 3234, 'Model_Name': 'PCX150'}"
443,Response returned successfully,Make:honda,"{'Make_ID': 474, 'Make_Name': 'Honda', 'Model_ID': 3235, 'Model_Name': 'CB1100'}"
443,Response returned successfully,Make:honda,"{'Make_ID': 474, 'Make_Name': 'Honda', 'Model_ID': 3245, 'Model_Name': 'CRF250'}"
443,Response returned successfully,Make:honda,"{'Make_ID': 474, 'Make_Name': 'Honda', 'Model_ID': 3246, 'Model_Name': 'CTX1300'}"
443,Response returned successfully,Make:honda,"{'Make_ID': 474, 'Make_Name': 'Honda', 'Model_ID': 3247, 'Model_Name': 'CTX700'}"
443,Response returned successfully,Make:honda,"{'Make_ID': 474, 'Make_Name': 'Honda', 'Model_ID': 3249, 'Model_Name': 'GOLDWING'}"
443,Response returned successfully,Make:honda,"{'Make_ID': 474, 'Make_Name': 'Honda', 'Model_ID': 3251, 'Model_Name': 'NC700X'}"
443,Response returned successfully,Make:honda,"{'Make_ID': 474, 'Make_Name': 'Honda', 'Model_ID': 3252, 'Model_Name': 'METROPOLITAN'}"
443,Response returned successfully,Make:honda,"{'Make_ID': 474, 'Make_Name': 'Honda', 'Model_ID': 3253, 'Model_Name': 'NPS50 (Ruckus)'}"
443,Response returned successfully,Make:honda,"{'Make_ID': 474, 'Make_Name': 'Honda', 'Model_ID': 3255, 'Model_Name': 'ST1300PA'}"
443,Response returned successfully,Make:honda,"{'Make_ID': 474, 'Make_Name': 'Honda', 'Model_ID': 3256, 'Model_Name': 'INTERCEPTOR'}"
443,Response returned successfully,Make:honda,"{'Make_ID': 474, 'Make_Name': 'Honda', 'Model_ID': 3264, 'Model_Name': 'ST1300'}"
443,Response returned successfully,Make:honda,"{'Make_ID': 474, 'Make_Name': 'Honda', 'Model_ID': 3411, 'Model_Name': 'Silverwing'}"
443,Response returned successfully,Make:honda,"{'Make_ID': 474, 'Make_Name': 'Honda', 'Model_ID': 3420, 'Model_Name': 'CBR250'}"
443,Response returned successfully,Make:honda,"{'Make_ID': 474, 'Make_Name': 'Honda', 'Model_ID': 3422, 'Model_Name': 'VFR1200F'}"
443,Response returned successfully,Make:honda,"{'Make_ID': 474, 'Make_Name': 'Honda', 'Model_ID': 3438, 'Model_Name': 'NT700V'}"
443,Response returned successfully,Make:honda,"{'Make_ID': 474, 'Make_Name': 'Honda', 'Model_ID': 3439, 'Model_Name': 'PCX125'}"
443,Response returned successfully,Make:honda,"{'Make_ID': 474, 'Make_Name': 'Honda', 'Model_ID': 3445, 'Model_Name': 'SH150I'}"
443,Response returned successfully,Make:honda,"{'Make_ID': 474, 'Make_Name': 'Honda', 'Model_ID': 3463, 'Model_Name': 'VTX1800F'}"
443,Response returned successfully,Make:honda,"{'Make_ID': 474, 'Make_Name': 'Honda', 'Model_ID': 3466, 'Model_Name': 'CB250 (Nighthawk)'}"
443,Response returned successfully,Make:honda,"{'Make_ID': 474, 'Make_Name': 'Honda', 'Model_ID': 3474, 'Model_Name': 'ELITE 80'}"
443,Response returned successfully,Make:honda,"{'Make_ID': 474, 'Make_Name': 'Honda', 'Model_ID': 3475, 'Model_Name': 'Helix'}"
443,Response returned successfully,Make:honda,"{'Make_ID': 474, 'Make_Name': 'Honda', 'Model_ID': 3477, 'Model_Name': 'VTX1300C'}"
443,Response returned successfully,Make:honda,"{'Make_ID': 474, 'Make_Name': 'Honda', 'Model_ID': 3478, 'Model_Name': 'VTX1300R'}"
443,Response returned successfully,Make:honda,"{'Make_ID': 474, 'Make_Name': 'Honda', 'Model_ID': 3479, 'Model_Name': 'VTX1300S'}"
443,Response returned successfully,Make:honda,"{'Make_ID': 474, 'Make_Name': 'Honda', 'Model_ID': 3480, 'Model_Name': 'VTX1800C'}"
443,Response returned successfully,Make:honda,"{'Make_ID': 474, 'Make_Name': 'Honda', 'Model_ID': 3484, 'Model_Name': 'Shadow VLX'}"
443,Response returned successfully,Make:honda,"{'Make_ID': 474, 'Make_Name': 'Honda', 'Model_ID': 3507, 'Model_Name': 'ST1300P'}"
443,Response returned successfully,Make:honda,"{'Make_ID': 474, 'Make_Name': 'Honda', 'Model_ID': 3515, 'Model_Name': 'CB600 (599)'}"
443,Response returned successfully,Make:honda,"{'Make_ID': 474, 'Make_Name': 'Honda', 'Model_ID': 3520, 'Model_Name': 'NIGHTHAWK 750'}"
443,Response returned successfully,Make:honda,"{'Make_ID': 474, 'Make_Name': 'Honda', 'Model_ID': 3521, 'Model_Name': 'CBR1100XX'}"
443,Response returned successfully,Make:honda,"{'Make_ID': 474, 'Make_Name': 'Honda', 'Model_ID': 3522, 'Model_Name': 'CBR954RR'}"
443,Response returned successfully,Make:honda,"{'Make_ID': 474, 'Make_Name': 'Honda', 'Model_ID': 3527, 'Model_Name': 'ST1100P'}"
443,Response returned successfully,Make:honda,"{'Make_ID': 474, 'Make_Name': 'Honda', 'Model_ID': 3530, 'Model_Name': 'ST1100'}"
443,Response returned successfully,Make:honda,"{'Make_ID': 474, 'Make_Name': 'Honda', 'Model_ID': 3567, 'Model_Name': 'ELITE 50'}"
443,Response returned successfully,Make:honda,"{'Make_ID': 474, 'Make_Name': 'Honda', 'Model_ID': 3597, 'Model_Name': 'CBR900'}"
443,Response returned successfully,Make:honda,"{'Make_ID': 474, 'Make_Name': 'Honda', 'Model_ID': 3618, 'Model_Name': 'Pacific Coast'}"
443,Response returned successfully,Make:honda,"{'Make_ID': 474, 'Make_Name': 'Honda', 'Model_ID': 3654, 'Model_Name': 'VFR 750F'}"
443,Response returned successfully,Make:honda,"{'Make_ID': 474, 'Make_Name': 'Honda', 'Model_ID': 3666, 'Model_Name': 'XR250L'}"
443,Response returned successfully,Make:honda,"{'Make_ID': 474, 'Make_Name': 'Honda', 'Model_ID': 3669, 'Model_Name': 'Shadow 1100'}"
443,Response returned successfully,Make:honda,"{'Make_ID': 474, 'Make_Name': 'Honda', 'Model_ID': 3670, 'Model_Name': 'Shadow'}"
443,Response returned successfully,Make:honda,"{'Make_ID': 474, 'Make_Name': 'Honda', 'Model_ID': 3672, 'Model_Name': 'CT70'}"
443,Response returned successfully,Make:honda,"{'Make_ID': 474, 'Make_Name': 'Honda', 'Model_ID': 3674, 'Model_Name': 'RC 45'}"
443,Response returned successfully,Make:honda,"{'Make_ID': 474, 'Make_Name': 'Honda', 'Model_ID': 3684, 'Model_Name': 'Hawk GT'}"
443,Response returned successfully,Make:honda,"{'Make_ID': 474, 'Make_Name': 'Honda', 'Model_ID': 3695, 'Model_Name': 'CB-1'}"
443,Response returned successfully,Make:honda,"{'Make_ID': 474, 'Make_Name': 'Honda', 'Model_ID': 3696, 'Model_Name': 'ELITE 250'}"
443,Response returned successfully,Make:honda,"{'Make_ID': 474, 'Make_Name': 'Honda', 'Model_ID': 3697, 'Model_Name': 'Tourist Trophy'}"
443,Response returned successfully,Make:honda,"{'Make_ID': 474, 'Make_Name': 'Honda', 'Model_ID': 3698, 'Model_Name': 'NS50F'}"
443,Response returned successfully,Make:honda,"{'Make_ID': 474, 'Make_Name': 'Honda', 'Model_ID': 3699, 'Model_Name': 'NX250'}"
443,Response returned successfully,Make:honda,"{'Make_ID': 474, 'Make_Name': 'Honda', 'Model_ID': 3700, 'Model_Name': 'NX125'}"
443,Response returned successfully,Make:honda,"{'Make_ID': 474, 'Make_Name': 'Honda', 'Model_ID': 3701, 'Model_Name': 'SA50'}"
443,Response returned successfully,Make:honda,"{'Make_ID': 474, 'Make_Name': 'Honda', 'Model_ID': 3702, 'Model_Name': 'SB50P'}"
443,Response returned successfully,Make:honda,"{'Make_ID': 474, 'Make_Name': 'Honda', 'Model_ID': 3703, 'Model_Name': 'VFR750R (RC30)'}"
443,Response returned successfully,Make:honda,"{'Make_ID': 474, 'Make_Name': 'Honda', 'Model_ID': 3704, 'Model_Name': 'VTR'}"
443,Response returned successfully,Make:honda,"{'Make_ID': 474, 'Make_Name': 'Honda', 'Model_ID': 3705, 'Model_Name': 'XL600V'}"
443,Response returned successfully,Make:honda,"{'Make_ID': 474, 'Make_Name': 'Honda', 'Model_ID': 3735, 'Model_Name': 'VT1100C'}"
443,Response returned successfully,Make:honda,"{'Make_ID': 474, 'Make_Name': 'Honda', 'Model_ID': 3776, 'Model_Name': 'ELITE'}"
443,Response returned successfully,Make:honda,"{'Make_ID': 474, 'Make_Name': 'Honda', 'Model_ID': 3777, 'Model_Name': 'TRANSALP'}"
443,Response returned successfully,Make:honda,"{'Make_ID': 474, 'Make_Name': 'Honda', 'Model_ID': 3778, 'Model_Name': 'NX650'}"
443,Response returned successfully,Make:honda,"{'Make_ID': 474, 'Make_Name': 'Honda', 'Model_ID': 5107, 'Model_Name': 'Prelude'}"
443,Response returned successfully,Make:honda,"{'Make_ID': 474, 'Make_Name': 'Honda', 'Model_ID': 5959, 'Model_Name': 'Passport'}"
443,Response returned successfully,Make:honda,"{'Make_ID': 474, 'Make_Name': 'Honda', 'Model_ID': 9173, 'Model_Name': 'Crosstour'}"
443,Response returned successfully,Make:honda,"{'Make_ID': 474, 'Make_Name': 'Honda', 'Model_ID': 9212, 'Model_Name': 'HR-V'}"
443,Response returned successfully,Make:honda,"{'Make_ID': 474, 'Make_Name': 'Honda', 'Model_ID': 9577, 'Model_Name': 'del Sol'}"
443,Response returned successfully,Make:honda,"{'Make_ID': 474, 'Make_Name': 'Honda', 'Model_ID': 10007, 'Model_Name': 'CBR650'}"
443,Response returned successfully,Make:honda,"{'Make_ID': 474, 'Make_Name': 'Honda', 'Model_ID': 10251, 'Model_Name': 'NC700XD'}"
443,Response returned successfully,Make:honda,"{'Make_ID': 474, 'Make_Name': 'Honda', 'Model_ID': 10253, 'Model_Name': 'CB500'}"
443,Response returned successfully,Make:honda,"{'Make_ID': 474, 'Make_Name': 'Honda', 'Model_ID': 10618, 'Model_Name': 'CRF50'}"
443,Response returned successfully,Make:honda,"{'Make_ID': 474, 'Make_Name': 'Honda', 'Model_ID': 10619, 'Model_Name': 'XR400R'}"
443,Response returned successfully,Make:honda,"{'Make_ID': 474, 'Make_Name': 'Honda', 'Model_ID': 10620, 'Model_Name': 'TRX700XX'}"
443,Response returned successfully,Make:honda,"{'Make_ID': 474, 'Make_Name': 'Honda', 'Model_ID': 10622, 'Model_Name': 'TRX450ER'}"
443,Response returned successfully,Make:honda,"{'Make_ID': 474, 'Make_Name': 'Honda', 'Model_ID': 10791, 'Model_Name': 'FourTrax'}"
443,Response returned successfully,Make:honda,"{'Make_ID': 474, 'Make_Name': 'Honda', 'Model_ID': 10792, 'Model_Name': 'TRX400X'}"
443,Response returned successfully,Make:honda,"{'Make_ID': 474, 'Make_Name': 'Honda', 'Model_ID': 10956, 'Model_Name': 'Sportrax'}"
443,Response returned successfully,Make:honda,"{'Make_ID': 474, 'Make_Name': 'Honda', 'Model_ID': 10957, 'Model_Name': 'TRX450R'}"
443,Response returned successfully,Make:honda,"{'Make_ID': 474, 'Make_Name': 'Honda', 'Model_ID': 10958, 'Model_Name': 'CRF70F'}"
443,Response returned successfully,Make:honda,"{'Make_ID': 474, 'Make_Name': 'Honda', 'Model_ID': 10959, 'Model_Name': 'CRF100F'}"
443,Response returned successfully,Make:honda,"{'Make_ID': 474, 'Make_Name': 'Honda', 'Model_ID': 10960, 'Model_Name': 'CR250'}"
443,Response returned successfully,Make:honda,"{'Make_ID': 474, 'Make_Name': 'Honda', 'Model_ID': 11387, 'Model_Name': 'SA50P'}"
443,Response returned successfully,Make:honda,"{'Make_ID': 474, 'Make_Name': 'Honda', 'Model_ID': 11408, 'Model_Name': 'CR125'}"
443,Response returned successfully,Make:honda,"{'Make_ID': 474, 'Make_Name': 'Honda', 'Model_ID': 11409, 'Model_Name': 'XR250R'}"
443,Response returned successfully,Make:honda,"{'Make_ID': 474, 'Make_Name': 'Honda', 'Model_ID': 11435, 'Model_Name': 'MUV700 (Big Red)'}"
443,Response returned successfully,Make:honda,"{'Make_ID': 474, 'Make_Name': 'Honda', 'Model_ID': 11517, 'Model_Name': 'EV Plus'}"
443,Response returned successfully,Make:honda,"{'Make_ID': 474, 'Make_Name': 'Honda', 'Model_ID': 11588, 'Model_Name': 'TRX90'}"
443,Response returned successfully,Make:honda,"{'Make_ID': 474, 'Make_Name': 'Honda', 'Model_ID': 11589, 'Model_Name': 'XR600R'}"
443,Response returned successfully,Make:honda,"{'Make_ID': 474, 'Make_Name': 'Honda', 'Model_ID': 11590, 'Model_Name': 'TRX200D'}"
443,Response returned successfully,Make:honda,"{'Make_ID': 474, 'Make_Name': 'Honda', 'Model_ID': 11591, 'Model_Name': 'TRX200DN'}"
443,Response returned successfully,Make:honda,"{'Make_ID': 474, 'Make_Name': 'Honda', 'Model_ID': 11592, 'Model_Name': 'TRX250'}"
443,Response returned successfully,Make:honda,"{'Make_ID': 474, 'Make_Name': 'Honda', 'Model_ID': 11593, 'Model_Name': 'TRX300'}"
443,Response returned successfully,Make:honda,"{'Make_ID': 474, 'Make_Name': 'Honda', 'Model_ID': 11594, 'Model_Name': 'TRX300EX'}"
443,Response returned successfully,Make:honda,"{'Make_ID': 474, 'Make_Name': 'Honda', 'Model_ID': 11595, 'Model_Name': 'TRX300EXN'}"
443,Response returned successfully,Make:honda,"{'Make_ID': 474, 'Make_Name': 'Honda', 'Model_ID': 11596, 'Model_Name': 'TRX300FW'}"
443,Response returned successfully,Make:honda,"{'Make_ID': 474, 'Make_Name': 'Honda', 'Model_ID': 11597, 'Model_Name': 'TRX300FWN'}"
443,Response returned successfully,Make:honda,"{'Make_ID': 474, 'Make_Name': 'Honda', 'Model_ID': 11598, 'Model_Name': 'TRX300N'}"
443,Response returned successfully,Make:honda,"{'Make_ID': 474, 'Make_Name': 'Honda', 'Model_ID': 11599, 'Model_Name': 'TRX400FW'}"
443,Response returned successfully,Make:honda,"{'Make_ID': 474, 'Make_Name': 'Honda', 'Model_ID': 11600, 'Model_Name': 'TRX400FWN'}"
443,Response returned successfully,Make:honda,"{'Make_ID': 474, 'Make_Name': 'Honda', 'Model_ID': 11601, 'Model_Name': 'TRX450S'}"
443,Response returned successfully,Make:honda,"{'Make_ID': 474, 'Make_Name': 'Honda', 'Model_ID': 11602, 'Model_Name': 'TRX450ES'}"
443,Response returned successfully,Make:honda,"{'Make_ID': 474, 'Make_Name': 'Honda', 'Model_ID': 11603, 'Model_Name': 'TRX400EX'}"
443,Response returned successfully,Make:honda,"{'Make_ID': 474, 'Make_Name': 'Honda', 'Model_ID': 11650, 'Model_Name': 'NC700XL (NC700X)'}"
443,Response returned successfully,Make:honda,"{'Make_ID': 474, 'Make_Name': 'Honda', 'Model_ID': 11651, 'Model_Name': 'NC700XD (NC700X DCT)'}"
443,Response returned successfully,Make:honda,"{'Make_ID': 474, 'Make_Name': 'Honda', 'Model_ID': 11652, 'Model_Name': 'NC700XDL (NC700X DCT)'}"
443,Response returned successfully,Make:honda,"{'Make_ID': 474, 'Make_Name': 'Honda', 'Model_ID': 11653, 'Model_Name': 'CMX250 (Rebel)'}"
443,Response returned successfully,Make:honda,"{'Make_ID': 474, 'Make_Name': 'Honda', 'Model_ID': 11658, 'Model_Name': 'NC700JD (NM4)'}"
443,Response returned successfully,Make:honda,"{'Make_ID': 474, 'Make_Name': 'Honda', 'Model_ID': 11670, 'Model_Name': 'VT1300 (Stateline)'}"
443,Response returned successfully,Make:honda,"{'Make_ID': 474, 'Make_Name': 'Honda', 'Model_ID': 11674, 'Model_Name': 'XR650'}"
443,Response returned successfully,Make:honda,"{'Make_ID': 474, 'Make_Name': 'Honda', 'Model_ID': 11689, 'Model_Name': 'TRX420 (FourTrax Rancher)'}"
443,Response returned successfully,Make:honda,"{'Make_ID': 474, 'Make_Name': 'Honda', 'Model_ID': 11718, 'Model_Name': 'TRX420'}"
443,Response returned successfully,Make:honda,"{'Make_ID': 474, 'Make_Name': 'Honda', 'Model_ID': 11728, 'Model_Name': 'TRX500 (FourTrax Foreman)'}"
443,Response returned successfully,Make:honda,"{'Make_ID': 474, 'Make_Name': 'Honda', 'Model_ID': 11755, 'Model_Name': 'TRX680 (Rincon)'}"
443,Response returned successfully,Make:honda,"{'Make_ID': 474, 'Make_Name': 'Honda', 'Model_ID': 11756, 'Model_Name': 'TRX680 (FourTrax Rincon)'}"
443,Response returned successfully,Make:honda,"{'Make_ID': 474, 'Make_Name': 'Honda', 'Model_ID': 11759, 'Model_Name': 'NCH50 (GIORNO)'}"
443,Response returned successfully,Make:honda,"{'Make_ID': 474, 'Make_Name': 'Honda', 'Model_ID': 11760, 'Model_Name': 'NCH50 (METROPOLITAN)'}"
443,Response returned successfully,Make:honda,"{'Make_ID': 474, 'Make_Name': 'Honda', 'Model_ID': 11762, 'Model_Name': 'NSS300 (FORZA)'}"
443,Response returned successfully,Make:honda,"{'Make_ID': 474, 'Make_Name': 'Honda', 'Model_ID': 11763, 'Model_Name': 'NSS300A (FORZA)'}"
443,Response returned successfully,Make:honda,"{'Make_ID': 474, 'Make_Name': 'Honda', 'Model_ID': 11781, 'Model_Name': 'CRF110'}"
443,Response returned successfully,Make:honda,"{'Make_ID': 474, 'Make_Name': 'Honda', 'Model_ID': 11782, 'Model_Name': 'CRF125'}"
443,Response returned successfully,Make:honda,"{'Make_ID': 474, 'Make_Name': 'Honda', 'Model_ID': 11784, 'Model_Name': 'CRF230'}"
443,Response returned successfully,Make:honda,"{'Make_ID': 474, 'Make_Name': 'Honda', 'Model_ID': 11788, 'Model_Name': 'NC750JD/NM4'}"
443,Response returned successfully,Make:honda,"{'Make_ID': 474, 'Make_Name': 'Honda', 'Model_ID': 11796, 'Model_Name': 'MRT260/COTA 4RT260'}"
443,Response returned successfully,Make:honda,"{'Make_ID': 474, 'Make_Name': 'Honda', 'Model_ID': 11803, 'Model_Name': 'CBR500'}"
443,Response returned successfully,Make:honda,"{'Make_ID': 474, 'Make_Name': 'Honda', 'Model_ID': 11819, 'Model_Name': 'NC750X'}"
443,Response returned successfully,Make:honda,"{'Make_ID': 474, 'Make_Name': 'Honda', 'Model_ID': 11827, 'Model_Name': 'CBR300'}"
443,Response returned successfully,Make:honda,"{'Make_ID': 474, 'Make_Name': 'Honda', 'Model_ID': 11833, 'Model_Name': 'NC700XD/NC700X'}"
443,Response returned successfully,Make:honda,"{'Make_ID': 474, 'Make_Name': 'Honda', 'Model_ID': 11834, 'Model_Name': 'NC700XDL/NC700X'}"
443,Response returned successfully,Make:honda,"{'Make_ID': 474, 'Make_Name': 'Honda', 'Model_ID': 11835, 'Model_Name': 'TRX250X'}"
443,Response returned successfully,Make:honda,"{'Make_ID': 474, 'Make_Name': 'Honda', 'Model_ID': 11836, 'Model_Name': 'TRX450R/TRX450ER'}"
443,Response returned successfully,Make:honda,"{'Make_ID': 474, 'Make_Name': 'Honda', 'Model_ID': 11837, 'Model_Name': 'TRX250 (FourTrax Recon)'}"
443,Response returned successfully,Make:honda,"{'Make_ID': 474, 'Make_Name': 'Honda', 'Model_ID': 11857, 'Model_Name': 'CBR125'}"
443,Response returned successfully,Make:honda,"{'Make_ID': 474, 'Make_Name': 'Honda', 'Model_ID': 11875, 'Model_Name': 'MSX125 (Grom)'}"
443,Response returned successfully,Make:honda,"{'Make_ID': 474, 'Make_Name': 'Honda', 'Model_ID': 11876, 'Model_Name': 'NC750SA'}"
443,Response returned successfully,Make:honda,"{'Make_ID': 474, 'Make_Name': 'Honda', 'Model_ID': 11879, 'Model_Name': 'VFR800F'}"
443,Response returned successfully,Make:honda,"{'Make_ID': 474, 'Make_Name': 'Honda', 'Model_ID': 11880, 'Model_Name': 'VFR800F (INTERCEPTOR)'}"
443,Response returned successfully,Make:honda,"{'Make_ID': 474, 'Make_Name': 'Honda', 'Model_ID': 11882, 'Model_Name': 'VFR1200FD/VFR1200FA'}"
443,Response returned successfully,Make:honda,"{'Make_ID': 474, 'Make_Name': 'Honda', 'Model_ID': 11903, 'Model_Name': 'ST1300A'}"
443,Response returned successfully,Make:honda,"{'Make_ID': 474, 'Make_Name': 'Honda', 'Model_ID': 11967, 'Model_Name': 'VT1300 (Sabre)'}"
443,Response returned successfully,Make:honda,"{'Make_ID': 474, 'Make_Name': 'Honda', 'Model_ID': 11975, 'Model_Name': 'CBR1000'}"
443,Response returned successfully,Make:honda,"{'Make_ID': 474, 'Make_Name': 'Honda', 'Model_ID': 11978, 'Model_Name': 'VFR1200FA'}"
443,Response returned successfully,Make:honda,"{'Make_ID': 474, 'Make_Name': 'Honda', 'Model_ID': 11979, 'Model_Name': 'VFR1200FD/VFR1200F'}"
443,Response returned successfully,Make:honda,"{'Make_ID': 474, 'Make_Name': 'Honda', 'Model_ID': 11989, 'Model_Name': 'ST1300A/ST1300'}"
443,Response returned successfully,Make:honda,"{'Make_ID': 474, 'Make_Name': 'Honda', 'Model_ID': 11993, 'Model_Name': 'CRF80F'}"
443,Response returned successfully,Make:honda,"{'Make_ID': 474, 'Make_Name': 'Honda', 'Model_ID': 12021, 'Model_Name': 'NC700SA/NC700S'}"
443,Response returned successfully,Make:honda,"{'Make_ID': 474, 'Make_Name': 'Honda', 'Model_ID': 12022, 'Model_Name': 'VFR1200FAD/VFR1200FD'}"
443,Response returned successfully,Make:honda,"{'Make_ID': 474, 'Make_Name': 'Honda', 'Model_ID': 12023, 'Model_Name': 'CBF1000A'}"
443,Response returned successfully,Make:honda,"{'Make_ID': 474, 'Make_Name': 'Honda', 'Model_ID': 12058, 'Model_Name': 'VT750 (Shadow Aero)'}"
443,Response returned successfully,Make:honda,"{'Make_ID': 474, 'Make_Name': 'Honda', 'Model_ID': 12070, 'Model_Name': 'CBF600SA'}"
443,Response returned successfully,Make:honda,"{'Make_ID': 474, 'Make_Name': 'Honda', 'Model_ID': 12074, 'Model_Name': 'VFR1200FAD'}"
443,Response returned successfully,Make:honda,"{'Make_ID': 474, 'Make_Name': 'Honda', 'Model_ID': 12075, 'Model_Name': 'NT700VA/NT700V'}"
443,Response returned successfully,Make:honda,"{'Make_ID': 474, 'Make_Name': 'Honda', 'Model_ID': 12077, 'Model_Name': 'MRT260/COTA 4RT/4RT 260'}"
443,Response returned successfully,Make:honda,"{'Make_ID': 474, 'Make_Name': 'Honda', 'Model_ID': 12123, 'Model_Name': 'VT1300 (Fury)'}"
443,Response returned successfully,Make:honda,"{'Make_ID': 474, 'Make_Name': 'Honda', 'Model_ID': 12132, 'Model_Name': 'VT750 (Shadow Phantom)'}"
443,Response returned successfully,Make:honda,"{'Make_ID': 474, 'Make_Name': 'Honda', 'Model_ID': 12136, 'Model_Name': 'VT750'}"
443,Response returned successfully,Make:honda,"{'Make_ID': 474, 'Make_Name': 'Honda', 'Model_ID': 12137, 'Model_Name': 'VT750 (Shadow Ace 750)'}"
443,Response returned successfully,Make:honda,"{'Make_ID': 474, 'Make_Name': 'Honda', 'Model_ID': 12139, 'Model_Name': 'VT750 (Shadow)'}"
443,Response returned successfully,Make:honda,"{'Make_ID': 474, 'Make_Name': 'Honda', 'Model_ID': 12144, 'Model_Name': 'VT1300'}"
443,Response returned successfully,Make:honda,"{'Make_ID': 474, 'Make_Name': 'Honda', 'Model_ID': 12146, 'Model_Name': 'FSC600 (Silver Wing)'}"
443,Response returned successfully,Make:honda,"{'Make_ID': 474, 'Make_Name': 'Honda', 'Model_ID': 12148, 'Model_Name': 'NHX110 (ELITE 110)'}"
443,Response returned successfully,Make:honda,"{'Make_ID': 474, 'Make_Name': 'Honda', 'Model_ID': 12150, 'Model_Name': 'SH150D/SH150i'}"
443,Response returned successfully,Make:honda,"{'Make_ID': 474, 'Make_Name': 'Honda', 'Model_ID': 12158, 'Model_Name': 'VT750 (Aero)'}"
443,Response returned successfully,Make:honda,"{'Make_ID': 474, 'Make_Name': 'Honda', 'Model_ID': 12160, 'Model_Name': 'VT1300 (Interstate)'}"
443,Response returned successfully,Make:honda,"{'Make_ID': 474, 'Make_Name': 'Honda', 'Model_ID': 12162, 'Model_Name': 'NSA700A/DN-01'}"
443,Response returned successfully,Make:honda,"{'Make_ID': 474, 'Make_Name': 'Honda', 'Model_ID': 12183, 'Model_Name': 'VFR800 (INTERCEPTOR)'}"
443,Response returned successfully,Make:honda,"{'Make_ID': 474, 'Make_Name': 'Honda', 'Model_ID': 12184, 'Model_Name': 'VFR800A (INTERCEPTOR)'}"
443,Response returned successfully,Make:honda,"{'Make_ID': 474, 'Make_Name': 'Honda', 'Model_ID': 12191, 'Model_Name': 'XL1000V (VARADERO)'}"
443,Response returned successfully,Make:honda,"{'Make_ID': 474, 'Make_Name': 'Honda', 'Model_ID': 12192, 'Model_Name': 'CRF150'}"
443,Response returned successfully,Make:honda,"{'Make_ID': 474, 'Make_Name': 'Honda', 'Model_ID': 12195, 'Model_Name': 'TRX300X'}"
443,Response returned successfully,Make:honda,"{'Make_ID': 474, 'Make_Name': 'Honda', 'Model_ID': 12197, 'Model_Name': 'TRX450ERB'}"
443,Response returned successfully,Make:honda,"{'Make_ID': 474, 'Make_Name': 'Honda', 'Model_ID': 12203, 'Model_Name': 'TRX500'}"
443,Response returned successfully,Make:honda,"{'Make_ID': 474, 'Make_Name': 'Honda', 'Model_ID': 12215, 'Model_Name': 'CHF50 (Metropolitan)'}"
443,Response returned successfully,Make:honda,"{'Make_ID': 474, 'Make_Name': 'Honda', 'Model_ID': 12217, 'Model_Name': 'CHF50 (Jazz)'}"
443,Response returned successfully,Make:honda,"{'Make_ID': 474, 'Make_Name': 'Honda', 'Model_ID': 12220, 'Model_Name': 'GL1100 (GOLDWING)'}"
443,Response returned successfully,Make:honda,"{'Make_ID': 474, 'Make_Name': 'Honda', 'Model_ID': 12221, 'Model_Name': 'GL1200 (GOLDWING)'}"
443,Response returned successfully,Make:honda,"{'Make_ID': 474, 'Make_Name': 'Honda', 'Model_ID': 12222, 'Model_Name': 'VT600C (SHADOW VLX)'}"
443,Response returned successfully,Make:honda,"{'Make_ID': 474, 'Make_Name': 'Honda', 'Model_ID': 12224, 'Model_Name': 'VT1100C (SHADOW SPIRIT 1100)'}"
443,Response returned successfully,Make:honda,"{'Make_ID': 474, 'Make_Name': 'Honda', 'Model_ID': 12225, 'Model_Name': 'VT1100C2 (SHADOW SABRE)'}"
443,Response returned successfully,Make:honda,"{'Make_ID': 474, 'Make_Name': 'Honda', 'Model_ID': 12226, 'Model_Name': 'VT1100D2'}"
443,Response returned successfully,Make:honda,"{'Make_ID': 474, 'Make_Name': 'Honda', 'Model_ID': 12228, 'Model_Name': 'NRX1800 (VALKYRIE RUNE)'}"
443,Response returned successfully,Make:honda,"{'Make_ID': 474, 'Make_Name': 'Honda', 'Model_ID': 12230, 'Model_Name': 'VTX1800F1/VTX1800F'}"
443,Response returned successfully,Make:honda,"{'Make_ID': 474, 'Make_Name': 'Honda', 'Model_ID': 12231, 'Model_Name': 'VTX1800F3/VTX1800F'}"
443,Response returned successfully,Make:honda,"{'Make_ID': 474, 'Make_Name': 'Honda', 'Model_ID': 12232, 'Model_Name': 'VTX1800N/VTX1800 NEO RETRO'}"
443,Response returned successfully,Make:honda,"{'Make_ID': 474, 'Make_Name': 'Honda', 'Model_ID': 12233, 'Model_Name': 'VTX1800N1/VTX1800N'}"
443,Response returned successfully,Make:honda,"{'Make_ID': 474, 'Make_Name': 'Honda', 'Model_ID': 12234, 'Model_Name': 'VTX1800N3/VTX1800N'}"
443,Response returned successfully,Make:honda,"{'Make_ID': 474, 'Make_Name': 'Honda', 'Model_ID': 12235, 'Model_Name': 'VTX1800R/VTX1800 RETRO'}"
443,Response returned successfully,Make:honda,"{'Make_ID': 474, 'Make_Name': 'Honda', 'Model_ID': 12236, 'Model_Name': 'VTX1800S/VTX1800 SPOKE'}"
443,Response returned successfully,Make:honda,"{'Make_ID': 474, 'Make_Name': 'Honda', 'Model_ID': 12237, 'Model_Name': 'VTX1800T/VTX1800T TOURER'}"
443,Response returned successfully,Make:honda,"{'Make_ID': 474, 'Make_Name': 'Honda', 'Model_ID': 12238, 'Model_Name': 'VTX1800T1/VTX1800T'}"
443,Response returned successfully,Make:honda,"{'Make_ID': 474, 'Make_Name': 'Honda', 'Model_ID': 12288, 'Model_Name': 'CB599'}"
443,Response returned successfully,Make:honda,"{'Make_ID': 474, 'Make_Name': 'Honda', 'Model_ID': 12289, 'Model_Name': 'VFR800'}"
443,Response returned successfully,Make:honda,"{'Make_ID': 474, 'Make_Name': 'Honda', 'Model_ID': 12315, 'Model_Name': 'VFR800A'}"
443,Response returned successfully,Make:honda,"{'Make_ID': 474, 'Make_Name': 'Honda', 'Model_ID': 12316, 'Model_Name': 'VFR800AT'}"
443,Response returned successfully,Make:honda,"{'Make_ID': 474, 'Make_Name': 'Honda', 'Model_ID': 12318, 'Model_Name': 'CB900'}"
443,Response returned successfully,Make:honda,"{'Make_ID': 474, 'Make_Name': 'Honda', 'Model_ID': 12319, 'Model_Name': 'CB900 (919)'}"
443,Response returned successfully,Make:honda,"{'Make_ID': 474, 'Make_Name': 'Honda', 'Model_ID': 12323, 'Model_Name': 'VTR1000S (RC51)'}"
443,Response returned successfully,Make:honda,"{'Make_ID': 474, 'Make_Name': 'Honda', 'Model_ID': 12324, 'Model_Name': 'XL200R'}"
443,Response returned successfully,Make:honda,"{'Make_ID': 474, 'Make_Name': 'Honda', 'Model_ID': 12326, 'Model_Name': 'NT650J'}"
443,Response returned successfully,Make:honda,"{'Make_ID': 474, 'Make_Name': 'Honda', 'Model_ID': 12327, 'Model_Name': 'CR85'}"
443,Response returned successfully,Make:honda,"{'Make_ID': 474, 'Make_Name': 'Honda', 'Model_ID': 12349, 'Model_Name': 'CG150ESD'}"
443,Response returned successfully,Make:honda,"{'Make_ID': 474, 'Make_Name': 'Honda', 'Model_ID': 12350, 'Model_Name': 'XR200R'}"
443,Response returned successfully,Make:honda,"{'Make_ID': 474, 'Make_Name': 'Honda', 'Model_ID': 12353, 'Model_Name': 'NSR50MIN'}"
443,Response returned successfully,Make:honda,"{'Make_ID': 474, 'Make_Name': 'Honda', 'Model_ID': 12357, 'Model_Name': 'TRX700EX'}"
443,Response returned successfully,Make:honda,"{'Make_ID': 474, 'Make_Name': 'Honda', 'Model_ID': 12359, 'Model_Name': 'TRX350FE'}"
443,Response returned successfully,Make:honda,"{'Make_ID': 474, 'Make_Name': 'Honda', 'Model_ID': 12360, 'Model_Name': 'TRX350FM'}"
443,Response returned successfully,Make:honda,"{'Make_ID': 474, 'Make_Name': 'Honda', 'Model_ID': 12361, 'Model_Name': 'TRX350TE'}"
443,Response returned successfully,Make:honda,"{'Make_ID': 474, 'Make_Name': 'Honda', 'Model_ID': 12362, 'Model_Name': 'TRX350TM'}"
443,Response returned successfully,Make:honda,"{'Make_ID': 474, 'Make_Name': 'Honda', 'Model_ID': 12363, 'Model_Name': 'TRX400FA'}"
443,Response returned successfully,Make:honda,"{'Make_ID': 474, 'Make_Name': 'Honda', 'Model_ID': 12364, 'Model_Name': 'TRX400FG (FourTrax 400)'}"
443,Response returned successfully,Make:honda,"{'Make_ID': 474, 'Make_Name': 'Honda', 'Model_ID': 12367, 'Model_Name': 'TRX450FM'}"
443,Response returned successfully,Make:honda,"{'Make_ID': 474, 'Make_Name': 'Honda', 'Model_ID': 12371, 'Model_Name': 'TRX500 (FourTrax)'}"
443,Response returned successfully,Make:honda,"{'Make_ID': 474, 'Make_Name': 'Honda', 'Model_ID': 12372, 'Model_Name': 'TRX650FA (Rincon)'}"
443,Response returned successfully,Make:honda,"{'Make_ID': 474, 'Make_Name': 'Honda', 'Model_ID': 12373, 'Model_Name': 'TRX650FG (Rincon)'}"
443,Response returned successfully,Make:honda,"{'Make_ID': 474, 'Make_Name': 'Honda', 'Model_ID': 12375, 'Model_Name': 'NSS250A (REFLEX)'}"
443,Response returned successfully,Make:honda,"{'Make_ID': 474, 'Make_Name': 'Honda', 'Model_ID': 12376, 'Model_Name': 'PS250 (BIG RUCKUS)'}"
443,Response returned successfully,Make:honda,"{'Make_ID': 474, 'Make_Name': 'Honda', 'Model_ID': 12382, 'Model_Name': 'VT600CD (SHADOW VLX DELUXE)'}"
443,Response returned successfully,Make:honda,"{'Make_ID': 474, 'Make_Name': 'Honda', 'Model_ID': 12386, 'Model_Name': 'VT750 (A.C.E.)'}"
443,Response returned successfully,Make:honda,"{'Make_ID': 474, 'Make_Name': 'Honda', 'Model_ID': 12387, 'Model_Name': 'VT750 (Shadow Spirit 750)'}"
443,Response returned successfully,Make:honda,"{'Make_ID': 474, 'Make_Name': 'Honda', 'Model_ID': 12388, 'Model_Name': 'VT750 (Shadow Ace/Aero)'}"
443,Response returned successfully,Make:honda,"{'Make_ID': 474, 'Make_Name': 'Honda', 'Model_ID': 12389, 'Model_Name': 'VT1100C2D (SABRE)'}"
443,Response returned successfully,Make:honda,"{'Make_ID': 474, 'Make_Name': 'Honda', 'Model_ID': 12390, 'Model_Name': 'VTX1800C1/VTX1800C'}"
443,Response returned successfully,Make:honda,"{'Make_ID': 474, 'Make_Name': 'Honda', 'Model_ID': 12391, 'Model_Name': 'VTX1800FD'}"
443,Response returned successfully,Make:honda,"{'Make_ID': 474, 'Make_Name': 'Honda', 'Model_ID': 12392, 'Model_Name': 'VTX1800F2/VTX1800F'}"
443,Response returned successfully,Make:honda,"{'Make_ID': 474, 'Make_Name': 'Honda', 'Model_ID': 12393, 'Model_Name': 'VTX1800ND'}"
443,Response returned successfully,Make:honda,"{'Make_ID': 474, 'Make_Name': 'Honda', 'Model_ID': 12394, 'Model_Name': 'VTX1800N2/VTX1800N'}"
443,Response returned successfully,Make:honda,"{'Make_ID': 474, 'Make_Name': 'Honda', 'Model_ID': 12395, 'Model_Name': 'VTX1800R1/VTX1800R'}"
443,Response returned successfully,Make:honda,"{'Make_ID': 474, 'Make_Name': 'Honda', 'Model_ID': 12396, 'Model_Name': 'VTX1800R2/VTX1800R'}"
443,Response returned successfully,Make:honda,"{'Make_ID': 474, 'Make_Name': 'Honda', 'Model_ID': 12397, 'Model_Name': 'VTX1800R3/VTX1800R'}"
443,Response returned successfully,Make:honda,"{'Make_ID': 474, 'Make_Name': 'Honda', 'Model_ID': 12398, 'Model_Name': 'VTX1800TD'}"
443,Response returned successfully,Make:honda,"{'Make_ID': 474, 'Make_Name': 'Honda', 'Model_ID': 12399, 'Model_Name': 'VTX1800T2/VTX1800T'}"
443,Response returned successfully,Make:honda,"{'Make_ID': 474, 'Make_Name': 'Honda', 'Model_ID': 12403, 'Model_Name': 'VFR800AT (INTERCEPTOR ABS)'}"
443,Response returned successfully,Make:honda,"{'Make_ID': 474, 'Make_Name': 'Honda', 'Model_ID': 12408, 'Model_Name': 'TRX250 (SportTrax 250)'}"
443,Response returned successfully,Make:honda,"{'Make_ID': 474, 'Make_Name': 'Honda', 'Model_ID': 12409, 'Model_Name': 'TRX300EX (SportTrax 300)'}"
443,Response returned successfully,Make:honda,"{'Make_ID': 474, 'Make_Name': 'Honda', 'Model_ID': 12410, 'Model_Name': 'TRX400EX (SportTrax 400)'}"
443,Response returned successfully,Make:honda,"{'Make_ID': 474, 'Make_Name': 'Honda', 'Model_ID': 12411, 'Model_Name': 'TRX450ERB (SportTrax 450)'}"
443,Response returned successfully,Make:honda,"{'Make_ID': 474, 'Make_Name': 'Honda', 'Model_ID': 12412, 'Model_Name': 'TRX450ER (SportTrax 450)'}"
443,Response returned successfully,Make:honda,"{'Make_ID': 474, 'Make_Name': 'Honda', 'Model_ID': 12413, 'Model_Name': 'TRX250 (FourTrax 250)'}"
443,Response returned successfully,Make:honda,"{'Make_ID': 474, 'Make_Name': 'Honda', 'Model_ID': 12415, 'Model_Name': 'TRX400FA (FourTrax Rancher AT)'}"
443,Response returned successfully,Make:honda,"{'Make_ID': 474, 'Make_Name': 'Honda', 'Model_ID': 12416, 'Model_Name': 'TRX400FGA (FourTrax Rancher AT)'}"
443,Response returned successfully,Make:honda,"{'Make_ID': 474, 'Make_Name': 'Honda', 'Model_ID': 12418, 'Model_Name': 'CH80 (Elite)'}"
443,Response returned successfully,Make:honda,"{'Make_ID': 474, 'Make_Name': 'Honda', 'Model_ID': 12420, 'Model_Name': 'CN250 (Helix)'}"
443,Response returned successfully,Make:honda,"{'Make_ID': 474, 'Make_Name': 'Honda', 'Model_ID': 12421, 'Model_Name': 'NSS250AS (REFLEX SPORT)'}"
443,Response returned successfully,Make:honda,"{'Make_ID': 474, 'Make_Name': 'Honda', 'Model_ID': 12422, 'Model_Name': 'NSS250S (REFLEX SPORT)'}"
443,Response returned successfully,Make:honda,"{'Make_ID': 474, 'Make_Name': 'Honda', 'Model_ID': 12423, 'Model_Name': 'NSS250 (REFLEX)'}"
443,Response returned successfully,Make:honda,"{'Make_ID': 474, 'Make_Name': 'Honda', 'Model_ID': 12455, 'Model_Name': 'VT600C (VLX)'}"
443,Response returned successfully,Make:honda,"{'Make_ID': 474, 'Make_Name': 'Honda', 'Model_ID': 12457, 'Model_Name': 'VTX1300T'}"
443,Response returned successfully,Make:honda,"{'Make_ID': 474, 'Make_Name': 'Honda', 'Model_ID': 12458, 'Model_Name': 'VTX1800C2/VTX1800C'}"
443,Response returned successfully,Make:honda,"{'Make_ID': 474, 'Make_Name': 'Honda', 'Model_ID': 12459, 'Model_Name': 'VTX1800C3/VTX1800C'}"
443,Response returned successfully,Make:honda,"{'Make_ID': 474, 'Make_Name': 'Honda', 'Model_ID': 12460, 'Model_Name': 'VTX1800S1/VTX1800S'}"
443,Response returned successfully,Make:honda,"{'Make_ID': 474, 'Make_Name': 'Honda', 'Model_ID': 12461, 'Model_Name': 'VTX1800S2/VTX1800S'}"
443,Response returned successfully,Make:honda,"{'Make_ID': 474, 'Make_Name': 'Honda', 'Model_ID': 12462, 'Model_Name': 'VTX1800S3/VTX1800S'}"
443,Response returned successfully,Make:honda,"{'Make_ID': 474, 'Make_Name': 'Honda', 'Model_ID': 12470, 'Model_Name': 'VFR800 (SPORT TOURER)'}"
443,Response returned successfully,Make:honda,"{'Make_ID': 474, 'Make_Name': 'Honda', 'Model_ID': 12471, 'Model_Name': 'VFR800A (SPORT TOURER)'}"
443,Response returned successfully,Make:honda,"{'Make_ID': 474, 'Make_Name': 'Honda', 'Model_ID': 12472, 'Model_Name': 'CB900 (Hornet)'}"
443,Response returned successfully,Make:honda,"{'Make_ID': 474, 'Make_Name': 'Honda', 'Model_ID': 12474, 'Model_Name': 'RVT1000R (RC51)'}"
443,Response returned successfully,Make:honda,"{'Make_ID': 474, 'Make_Name': 'Honda', 'Model_ID': 12483, 'Model_Name': 'TRX90 (Fourtrax 90)'}"
443,Response returned successfully,Make:honda,"{'Make_ID': 474, 'Make_Name': 'Honda', 'Model_ID': 12485, 'Model_Name': 'TRX350FE (FourTrax Rancher)'}"
443,Response returned successfully,Make:honda,"{'Make_ID': 474, 'Make_Name': 'Honda', 'Model_ID': 12486, 'Model_Name': 'TRX350FM (FourTrax Rancher)'}"
443,Response returned successfully,Make:honda,"{'Make_ID': 474, 'Make_Name': 'Honda', 'Model_ID': 12487, 'Model_Name': 'TRX350TE (FourTrax Rancher)'}"
443,Response returned successfully,Make:honda,"{'Make_ID': 474, 'Make_Name': 'Honda', 'Model_ID': 12488, 'Model_Name': 'TRX350TM (FourTrax Rancher)'}"
443,Response returned successfully,Make:honda,"{'Make_ID': 474, 'Make_Name': 'Honda', 'Model_ID': 12493, 'Model_Name': 'VTR1000F (SUPERHAWK)'}"
443,Response returned successfully,Make:honda,"{'Make_ID': 474, 'Make_Name': 'Honda', 'Model_ID': 12499, 'Model_Name': 'NRX1800DA (VALKYRIE RUNE)'}"
443,Response returned successfully,Make:honda,"{'Make_ID': 474, 'Make_Name': 'Honda', 'Model_ID': 12500, 'Model_Name': 'NRX1800DB (VALKYRIE RUNE)'}"
443,Response returned successfully,Make:honda,"{'Make_ID': 474, 'Make_Name': 'Honda', 'Model_ID': 12501, 'Model_Name': 'NRX1800EA (VALKYRIE RUNE)'}"
443,Response returned successfully,Make:honda,"{'Make_ID': 474, 'Make_Name': 'Honda', 'Model_ID': 12502, 'Model_Name': 'NRX1800EB (VALKYRIE RUNE)'}"
443,Response returned successfully,Make:honda,"{'Make_ID': 474, 'Make_Name': 'Honda', 'Model_ID': 12503, 'Model_Name': 'VTX1800C1 (VTX)'}"
443,Response returned successfully,Make:honda,"{'Make_ID': 474, 'Make_Name': 'Honda', 'Model_ID': 12504, 'Model_Name': 'VTX1800C2 (VTX)'}"
443,Response returned successfully,Make:honda,"{'Make_ID': 474, 'Make_Name': 'Honda', 'Model_ID': 12505, 'Model_Name': 'VTX1800C3 (VTX)'}"
443,Response returned successfully,Make:honda,"{'Make_ID': 474, 'Make_Name': 'Honda', 'Model_ID': 12506, 'Model_Name': 'VTX1800F1 (VTX)'}"
443,Response returned successfully,Make:honda,"{'Make_ID': 474, 'Make_Name': 'Honda', 'Model_ID': 12507, 'Model_Name': 'VTX1800F2 (VTX)'}"
443,Response returned successfully,Make:honda,"{'Make_ID': 474, 'Make_Name': 'Honda', 'Model_ID': 12508, 'Model_Name': 'VTX1800N3 (VTX)'}"
443,Response returned successfully,Make:honda,"{'Make_ID': 474, 'Make_Name': 'Honda', 'Model_ID': 12509, 'Model_Name': 'VTX1800N2 (VTX)'}"
443,Response returned successfully,Make:honda,"{'Make_ID': 474, 'Make_Name': 'Honda', 'Model_ID': 12510, 'Model_Name': 'VTX1800N1 (VTX)'}"
443,Response returned successfully,Make:honda,"{'Make_ID': 474, 'Make_Name': 'Honda', 'Model_ID': 12511, 'Model_Name': 'VTX1800R3 (VTX)'}"
443,Response returned successfully,Make:honda,"{'Make_ID': 474, 'Make_Name': 'Honda', 'Model_ID': 12512, 'Model_Name': 'VTX1800R2 (VTX)'}"
443,Response returned successfully,Make:honda,"{'Make_ID': 474, 'Make_Name': 'Honda', 'Model_ID': 12513, 'Model_Name': 'VTX1800R1 (VTX)'}"
443,Response returned successfully,Make:honda,"{'Make_ID': 474, 'Make_Name': 'Honda', 'Model_ID': 12514, 'Model_Name': 'VTX1800S3 (VTX)'}"
443,Response returned successfully,Make:honda,"{'Make_ID': 474, 'Make_Name': 'Honda', 'Model_ID': 12515, 'Model_Name': 'VTX1800S2 (VTX)'}"
443,Response returned successfully,Make:honda,"{'Make_ID': 474, 'Make_Name': 'Honda', 'Model_ID': 12516, 'Model_Name': 'VTX1800S1 (VTX)'}"
443,Response returned successfully,Make:honda,"{'Make_ID': 474, 'Make_Name': 'Honda', 'Model_ID': 12520, 'Model_Name': 'VTX1800F3 (VTX)'}"
443,Response returned successfully,Make:honda,"{'Make_ID': 474, 'Make_Name': 'Honda', 'Model_ID': 12523, 'Model_Name': 'RC1000VS (RC213V-S)'}"
443,Response returned successfully,Make:honda,"{'Make_ID': 474, 'Make_Name': 'Honda', 'Model_ID': 12527, 'Model_Name': 'TRX90 (SportTrax 90)'}"
443,Response returned successfully,Make:honda,"{'Make_ID': 474, 'Make_Name': 'Honda', 'Model_ID': 12528, 'Model_Name': 'TRX250 (Recon)'}"
443,Response returned successfully,Make:honda,"{'Make_ID': 474, 'Make_Name': 'Honda', 'Model_ID': 12530, 'Model_Name': 'TRX400FW (FourTrax Foreman 400)'}"
443,Response returned successfully,Make:honda,"{'Make_ID': 474, 'Make_Name': 'Honda', 'Model_ID': 12531, 'Model_Name': 'TRX450FE (FourTrax Foreman)'}"
443,Response returned successfully,Make:honda,"{'Make_ID': 474, 'Make_Name': 'Honda', 'Model_ID': 12532, 'Model_Name': 'TRX450FM (FourTrax Foreman)'}"
443,Response returned successfully,Make:honda,"{'Make_ID': 474, 'Make_Name': 'Honda', 'Model_ID': 12534, 'Model_Name': 'TRX650FA (FourTrax Rincon)'}"
443,Response returned successfully,Make:honda,"{'Make_ID': 474, 'Make_Name': 'Honda', 'Model_ID': 12535, 'Model_Name': 'TRX650FGA (FourTrax Rincon)'}"
443,Response returned successfully,Make:honda,"{'Make_ID': 474, 'Make_Name': 'Honda', 'Model_ID': 12537, 'Model_Name': 'CRF1000'}"
443,Response returned successfully,Make:honda,"{'Make_ID': 474, 'Make_Name': 'Honda', 'Model_ID': 12539, 'Model_Name': 'VFR1200X'}"
443,Response returned successfully,Make:honda,"{'Make_ID': 474, 'Make_Name': 'Honda', 'Model_ID': 12540, 'Model_Name': 'VFR1200XD'}"
443,Response returned successfully,Make:honda,"{'Make_ID': 474, 'Make_Name': 'Honda', 'Model_ID': 12542, 'Model_Name': 'CHF50 (Metropolitan II)'}"
443,Response returned successfully,Make:honda,"{'Make_ID': 474, 'Make_Name': 'Honda', 'Model_ID': 12546, 'Model_Name': 'NRX1800BA (VALKYRIE RUNE)'}"
443,Response returned successfully,Make:honda,"{'Make_ID': 474, 'Make_Name': 'Honda', 'Model_ID': 12547, 'Model_Name': 'NRX1800BB (VALKYRIE RUNE)'}"
443,Response returned successfully,Make:honda,"{'Make_ID': 474, 'Make_Name': 'Honda', 'Model_ID': 12548, 'Model_Name': 'VTX1800C (VTX)'}"
443,Response returned successfully,Make:honda,"{'Make_ID': 474, 'Make_Name': 'Honda', 'Model_ID': 12552, 'Model_Name': 'TRX400FGA'}"
443,Response returned successfully,Make:honda,"{'Make_ID': 474, 'Make_Name': 'Honda', 'Model_ID': 12554, 'Model_Name': 'CB750 (Nighthawk 750)'}"
443,Response returned successfully,Make:honda,"{'Make_ID': 474, 'Make_Name': 'Honda', 'Model_ID': 12555, 'Model_Name': 'VF750C (MAGNA)'}"
443,Response returned successfully,Make:honda,"{'Make_ID': 474, 'Make_Name': 'Honda', 'Model_ID': 12564, 'Model_Name': 'CBR900/CBR954'}"
443,Response returned successfully,Make:honda,"{'Make_ID': 474, 'Make_Name': 'Honda', 'Model_ID': 12565, 'Model_Name': 'CBR900/CBR929'}"
443,Response returned successfully,Make:honda,"{'Make_ID': 474, 'Make_Name': 'Honda', 'Model_ID': 12568, 'Model_Name': 'VTX1800R (VTX)'}"
443,Response returned successfully,Make:honda,"{'Make_ID': 474, 'Make_Name': 'Honda', 'Model_ID': 12569, 'Model_Name': 'VTX1800S (VTX)'}"
443,Response returned successfully,Make:honda,"{'Make_ID': 474, 'Make_Name': 'Honda', 'Model_ID': 12570, 'Model_Name': 'GL1500 (Valkyrie)'}"
443,Response returned successfully,Make:honda,"{'Make_ID': 474, 'Make_Name': 'Honda', 'Model_ID': 12571, 'Model_Name': 'XR70R'}"
443,Response returned successfully,Make:honda,"{'Make_ID': 474, 'Make_Name': 'Honda', 'Model_ID': 12572, 'Model_Name': 'XR50'}"
443,Response returned successfully,Make:honda,"{'Make_ID': 474, 'Make_Name': 'Honda', 'Model_ID': 12573, 'Model_Name': 'CR80'}"
443,Response returned successfully,Make:honda,"{'Make_ID': 474, 'Make_Name': 'Honda', 'Model_ID': 12575, 'Model_Name': 'XR80R'}"
443,Response returned successfully,Make:honda,"{'Make_ID': 474, 'Make_Name': 'Honda', 'Model_ID': 12576, 'Model_Name': 'XR100R'}"
443,Response returned successfully,Make:honda,"{'Make_ID': 474, 'Make_Name': 'Honda', 'Model_ID': 12581, 'Model_Name': 'VFR800Fi (INTERCEPTOR)'}"
443,Response returned successfully,Make:honda,"{'Make_ID': 474, 'Make_Name': 'Honda', 'Model_ID': 12583, 'Model_Name': 'ST1100A'}"
443,Response returned successfully,Make:honda,"{'Make_ID': 474, 'Make_Name': 'Honda', 'Model_ID': 12584, 'Model_Name': 'VT1100C3 (SHADOW AERO)'}"
443,Response returned successfully,Make:honda,"{'Make_ID': 474, 'Make_Name': 'Honda', 'Model_ID': 12585, 'Model_Name': 'GL1500C (VALKYRIE)'}"
443,Response returned successfully,Make:honda,"{'Make_ID': 474, 'Make_Name': 'Honda', 'Model_ID': 12586, 'Model_Name': 'GL1500CD (VALKYRIE TOURER)'}"
443,Response returned successfully,Make:honda,"{'Make_ID': 474, 'Make_Name': 'Honda', 'Model_ID': 12587, 'Model_Name': 'GL1500CT (VALKYRIE TOURER)'}"
443,Response returned successfully,Make:honda,"{'Make_ID': 474, 'Make_Name': 'Honda', 'Model_ID': 12588, 'Model_Name': 'GL1500CF (VALKYRIE INTERSTATE)'}"
443,Response returned successfully,Make:honda,"{'Make_ID': 474, 'Make_Name': 'Honda', 'Model_ID': 12589, 'Model_Name': 'GL1500SE (GOLD WING SE)'}"
443,Response returned successfully,Make:honda,"{'Make_ID': 474, 'Make_Name': 'Honda', 'Model_ID': 12618, 'Model_Name': 'VT600CD2'}"
443,Response returned successfully,Make:honda,"{'Make_ID': 474, 'Make_Name': 'Honda', 'Model_ID': 12647, 'Model_Name': 'VT1100T (SHADOW ACE TOURER)'}"
443,Response returned successfully,Make:honda,"{'Make_ID': 474, 'Make_Name': 'Honda', 'Model_ID': 12651, 'Model_Name': 'CR500R'}"
443,Response returned successfully,Make:honda,"{'Make_ID': 474, 'Make_Name': 'Honda', 'Model_ID': 12654, 'Model_Name': 'VF750C2 (MAGNA)'}"
443,Response returned successfully,Make:honda,"{'Make_ID': 474, 'Make_Name': 'Honda', 'Model_ID': 12658, 'Model_Name': 'GL1500A (GOLD WING ASPENCADE)'}"
443,Response returned successfully,Make:honda,"{'Make_ID': 474, 'Make_Name': 'Honda', 'Model_ID': 12662, 'Model_Name': 'VT1100C2 (SHADOW ACE)'}"
443,Response returned successfully,Make:honda,"{'Make_ID': 474, 'Make_Name': 'Honda', 'Model_ID': 12663, 'Model_Name': 'Z50R'}"
443,Response returned successfully,Make:honda,"{'Make_ID': 474, 'Make_Name': 'Honda', 'Model_ID': 12664, 'Model_Name': 'PC800 (PACIFIC COAST)'}"
443,Response returned successfully,Make:honda,"{'Make_ID': 474, 'Make_Name': 'Honda', 'Model_ID': 12671, 'Model_Name': 'XR200'}"
443,Response returned successfully,Make:honda,"{'Make_ID': 474, 'Make_Name': 'Honda', 'Model_ID': 12709, 'Model_Name': 'GL1500i'}"
443,Response returned successfully,Make:honda,"{'Make_ID': 474, 'Make_Name': 'Honda', 'Model_ID': 12710, 'Model_Name': 'EZ90'}"
443,Response returned successfully,Make:honda,"{'Make_ID': 474, 'Make_Name': 'Honda', 'Model_ID': 12722, 'Model_Name': 'RVF750R (RC45)'}"
443,Response returned successfully,Make:honda,"{'Make_ID': 474, 'Make_Name': 'Honda', 'Model_ID': 12839, 'Model_Name': 'TRX400FG'}"
443,Response returned successfully,Make:honda,"{'Make_ID': 474, 'Make_Name': 'Honda', 'Model_ID': 13450, 'Model_Name': 'Cota 300RR'}"
443,Response returned successfully,Make:honda,"{'Make_ID': 474, 'Make_Name': 'Honda', 'Model_ID': 14008, 'Model_Name': 'Honda Utility Vehicle'}"
443,Response returned successfully,Make:honda,"{'Make_ID': 474, 'Make_Name': 'Honda', 'Model_ID': 14060, 'Model_Name': 'CBR600'}"
443,Response returned successfully,Make:honda,"{'Make_ID': 474, 'Make_Name': 'Honda', 'Model_ID': 14249, 'Model_Name': 'Clarity'}"
443,Response returned successfully,Make:honda,"{'Make_ID': 474, 'Make_Name': 'Honda', 'Model_ID': 14789, 'Model_Name': 'CH250'}"
443,Response returned successfully,Make:honda,"{'Make_ID': 474, 'Make_Name': 'Honda', 'Model_ID': 14790, 'Model_Name': 'SE50PI'}"
443,Response returned successfully,Make:honda,"{'Make_ID': 474, 'Make_Name': 'Honda', 'Model_ID': 14791, 'Model_Name': 'CH150'}"
443,Response returned successfully,Make:honda,"{'Make_ID': 474, 'Make_Name': 'Honda', 'Model_ID': 14792, 'Model_Name': 'SE50H'}"
443,Response returned successfully,Make:honda,"{'Make_ID': 474, 'Make_Name': 'Honda', 'Model_ID': 14793, 'Model_Name': 'SE50PH'}"
443,Response returned successfully,Make:honda,"{'Make_ID': 474, 'Make_Name': 'Honda', 'Model_ID': 14794, 'Model_Name': 'NQ50'}"
443,Response returned successfully,Make:honda,"{'Make_ID': 474, 'Make_Name': 'Honda', 'Model_ID': 14795, 'Model_Name': 'CMX450C'}"
443,Response returned successfully,Make:honda,"{'Make_ID': 474, 'Make_Name': 'Honda', 'Model_ID': 14796, 'Model_Name': 'VT700C (Shadow)'}"
443,Response returned successfully,Make:honda,"{'Make_ID': 474, 'Make_Name': 'Honda', 'Model_ID': 14797, 'Model_Name': 'VR700FII'}"
443,Response returned successfully,Make:honda,"{'Make_ID': 474, 'Make_Name': 'Honda', 'Model_ID': 14799, 'Model_Name': 'XL250R'}"
443,Response returned successfully,Make:honda,"{'Make_ID': 474, 'Make_Name': 'Honda', 'Model_ID': 14800, 'Model_Name': 'XL600R'}"
443,Response returned successfully,Make:honda,"{'Make_ID': 474, 'Make_Name': 'Honda', 'Model_ID': 14801, 'Model_Name': 'TLR200'}"
443,Response returned successfully,Make:honda,"{'Make_ID': 474, 'Make_Name': 'Honda', 'Model_ID': 14803, 'Model_Name': 'CN250'}"
443,Response returned successfully,Make:honda,"{'Make_ID': 474, 'Make_Name': 'Honda', 'Model_ID': 14804, 'Model_Name': 'NB50'}"
443,Response returned successfully,Make:honda,"{'Make_ID': 474, 'Make_Name': 'Honda', 'Model_ID': 14805, 'Model_Name': 'VF1000R'}"
443,Response returned successfully,Make:honda,"{'Make_ID': 474, 'Make_Name': 'Honda', 'Model_ID': 14806, 'Model_Name': 'VF500F'}"
443,Response returned successfully,Make:honda,"{'Make_ID': 474, 'Make_Name': 'Honda', 'Model_ID': 14807, 'Model_Name': 'CB450'}"
443,Response returned successfully,Make:honda,"{'Make_ID': 474, 'Make_Name': 'Honda', 'Model_ID': 14808, 'Model_Name': 'TG50'}"
443,Response returned successfully,Make:honda,"{'Make_ID': 474, 'Make_Name': 'Honda', 'Model_ID': 14809, 'Model_Name': 'CB700'}"
443,Response returned successfully,Make:honda,"{'Make_ID': 474, 'Make_Name': 'Honda', 'Model_ID': 14810, 'Model_Name': 'VF1100C'}"
443,Response returned successfully,Make:honda,"{'Make_ID': 474, 'Make_Name': 'Honda', 'Model_ID': 14811, 'Model_Name': 'VT500'}"
443,Response returned successfully,Make:honda,"{'Make_ID': 474, 'Make_Name': 'Honda', 'Model_ID': 14813, 'Model_Name': 'NB50M'}"
443,Response returned successfully,Make:honda,"{'Make_ID': 474, 'Make_Name': 'Honda', 'Model_ID': 14822, 'Model_Name': 'XL80'}"
443,Response returned successfully,Make:honda,"{'Make_ID': 474, 'Make_Name': 'Honda', 'Model_ID': 14823, 'Model_Name': 'XL100S'}"
443,Response returned successfully,Make:honda,"{'Make_ID': 474, 'Make_Name': 'Honda', 'Model_ID': 14825, 'Model_Name': 'VF1100S'}"
443,Response returned successfully,Make:honda,"{'Make_ID': 474, 'Make_Name': 'Honda', 'Model_ID': 14826, 'Model_Name': 'VF1000F'}"
443,Response returned successfully,Make:honda,"{'Make_ID': 474, 'Make_Name': 'Honda', 'Model_ID': 14827, 'Model_Name': 'XL350R'}"
443,Response returned successfully,Make:honda,"{'Make_ID': 474, 'Make_Name': 'Honda', 'Model_ID': 14828, 'Model_Name': 'NH80'}"
443,Response returned successfully,Make:honda,"{'Make_ID': 474, 'Make_Name': 'Honda', 'Model_ID': 14865, 'Model_Name': 'CB125'}"
443,Response returned successfully,Make:honda,"{'Make_ID': 474, 'Make_Name': 'Honda', 'Model_ID': 14866, 'Model_Name': 'VF700C (Magna)'}"
443,Response returned successfully,Make:honda,"{'Make_ID': 474, 'Make_Name': 'Honda', 'Model_ID': 14867, 'Model_Name': 'NN50MD'}"
443,Response returned successfully,Make:honda,"{'Make_ID': 474, 'Make_Name': 'Honda', 'Model_ID': 15210, 'Model_Name': 'XL125'}"
443,Response returned successfully,Make:honda,"{'Make_ID': 474, 'Make_Name': 'Honda', 'Model_ID': 15831, 'Model_Name': 'CMX300 (Rebel 300)'}"
443,Response returned successfully,Make:honda,"{'Make_ID': 474, 'Make_Name': 'Honda', 'Model_ID': 15835, 'Model_Name': 'CMX500 (Rebel500)'}"
443,Response returned successfully,Make:honda,"{'Make_ID': 7351, 'Make_Name': 'Sundiro  Honda Motorcycle Co. Ltd', 'Model_ID': 19706, 'Model_Name': 'A1'}"
443,Response returned successfully,Make:honda,"{'Make_ID': 474, 'Make_Name': 'Honda', 'Model_ID': 23307, 'Model_Name': 'NCW50/Metropolitan'}"
443,Response returned successfully,Make:honda,"{'Make_ID': 474, 'Make_Name': 'Honda', 'Model_ID': 24319, 'Model_Name': 'CRF1000 (Africa Twin)'}"
443,Response returned successfully,Make:honda,"{'Make_ID': 474, 'Make_Name': 'Honda', 'Model_ID': 24766, 'Model_Name': 'CBF300'}"
443,Response returned successfully,Make:honda,"{'Make_ID': 474, 'Make_Name': 'Honda', 'Model_ID': 25272, 'Model_Name': 'CRF450'}"
443,Response returned successfully,Make:honda,"{'Make_ID': 474, 'Make_Name': 'Honda', 'Model_ID': 25273, 'Model_Name': 'Z125 (Monkey)'}"
443,Response returned successfully,Make:honda,"{'Make_ID': 474, 'Make_Name': 'Honda', 'Model_ID': 25276, 'Model_Name': 'GL1800'}"
443,Response returned successfully,Make:honda,"{'Make_ID': 474, 'Make_Name': 'Honda', 'Model_ID': 25758, 'Model_Name': 'C125 (Super Cub)'}"
443,Response returned successfully,Make:honda,"{'Make_ID': 474, 'Make_Name': 'Honda', 'Model_ID': 26254, 'Model_Name': 'Pioneer'}"
443,Response returned successfully,Make:honda,"{'Make_ID': 474, 'Make_Name': 'Honda', 'Model_ID': 26689, 'Model_Name': 'CRF1100 (Africa Twin)'}"
443,Response returned successfully,Make:honda,"{'Make_ID': 474, 'Make_Name': 'Honda', 'Model_ID': 26826, 'Model_Name': 'VT800C'}"
443,Response returned successfully,Make:honda,"{'Make_ID': 474, 'Make_Name': 'Honda', 'Model_ID': 26829, 'Model_Name': 'CH125'}"
443,Response returned successfully,Make:honda,"{'Make_ID': 474, 'Make_Name': 'Honda', 'Model_ID': 26830, 'Model_Name': 'CM200'}"
443,Response returned successfully,Make:honda,"{'Make_ID': 474, 'Make_Name': 'Honda', 'Model_ID': 26831, 'Model_Name': 'CM250C'}"
443,Response returned successfully,Make:honda,"{'Make_ID': 474, 'Make_Name': 'Honda', 'Model_ID': 26833, 'Model_Name': 'CX500'}"
443,Response returned successfully,Make:honda,"{'Make_ID': 474, 'Make_Name': 'Honda', 'Model_ID': 26835, 'Model_Name': 'CM450'}"
443,Response returned successfully,Make:honda,"{'Make_ID': 474, 'Make_Name': 'Honda', 'Model_ID': 26836, 'Model_Name': 'VF500C'}"
443,Response returned successfully,Make:honda,"{'Make_ID': 474, 'Make_Name': 'Honda', 'Model_ID': 26837, 'Model_Name': 'XL500S'}"
443,Response returned successfully,Make:honda,"{'Make_ID': 474, 'Make_Name': 'Honda', 'Model_ID': 26839, 'Model_Name': 'XR500R'}"
443,Response returned successfully,Make:honda,"{'Make_ID': 474, 'Make_Name': 'Honda', 'Model_ID': 26840, 'Model_Name': 'CB750'}"
443,Response returned successfully,Make:honda,"{'Make_ID': 474, 'Make_Name': 'Honda', 'Model_ID': 26841, 'Model_Name': 'CB650'}"
443,Response returned successfully,Make:honda,"{'Make_ID': 474, 'Make_Name': 'Honda', 'Model_ID': 26842, 'Model_Name': 'VF750S'}"
443,Response returned successfully,Make:honda,"{'Make_ID': 474, 'Make_Name': 'Honda', 'Model_ID': 26847, 'Model_Name': 'CB550'}"
443,Response returned successfully,Make:honda,"{'Make_ID': 474, 'Make_Name': 'Honda', 'Model_ID': 26850, 'Model_Name': 'CX650'}"
443,Response returned successfully,Make:honda,"{'Make_ID': 474, 'Make_Name': 'Honda', 'Model_ID': 27165, 'Model_Name': 'Accord Crosstour'}"
443,Response returned successfully,Make:honda,"{'Make_ID': 474, 'Make_Name': 'Honda', 'Model_ID': 27254, 'Model_Name': 'SXS1000S4 (Talon 1000X-4)'}"
443,Response returned successfully,Make:honda,"{'Make_ID': 474, 'Make_Name': 'Honda', 'Model_ID': 27408, 'Model_Name': 'ADV150'}"
443,Response returned successfully,Make:honda,"{'Make_ID': 474, 'Make_Name': 'Honda', 'Model_ID': 27409, 'Model_Name': 'FIREBLADE'}"
443,Response returned successfully,Make:honda,"{'Make_ID': 474, 'Make_Name': 'Honda', 'Model_ID': 27546, 'Model_Name': 'CBX'}"
443,Response returned successfully,Make:honda,"{'Make_ID': 474, 'Make_Name': 'Honda', 'Model_ID': 27839, 'Model_Name': 'TRX500 (FourTrax Foreman Rubicon)'}"
443,Response returned successfully,Make:honda,"{'Make_ID': 474, 'Make_Name': 'Honda', 'Model_ID': 27889, 'Model_Name': 'Cota 300RR (MRT300)'}"
443,Response returned successfully,Make:honda,"{'Make_ID': 474, 'Make_Name': 'Honda', 'Model_ID': 27896, 'Model_Name': 'WW150/PCX150'}"
443,Response returned successfully,Make:honda,"{'Make_ID': 474, 'Make_Name': 'Honda', 'Model_ID': 27897, 'Model_Name': 'SXS1000M (Pioneer 1000)'}"
443,Response returned successfully,Make:honda,"{'Make_ID': 474, 'Make_Name': 'Honda', 'Model_ID': 27898, 'Model_Name': 'SXS700 (Pioneer 700)'}"
443,Response returned successfully,Make:honda,"{'Make_ID': 474, 'Make_Name': 'Honda', 'Model_ID': 27899, 'Model_Name': 'SXS500 (Pioneer 500)'}"
443,Response returned successfully,Make:honda,"{'Make_ID': 474, 'Make_Name': 'Honda', 'Model_ID': 27902, 'Model_Name': 'TRX420 (Rancher)'}"
443,Response returned successfully,Make:honda,"{'Make_ID': 474, 'Make_Name': 'Honda', 'Model_ID': 27906, 'Model_Name': 'TRX500 (Foreman)'}"
443,Response returned successfully,Make:honda,"{'Make_ID': 474, 'Make_Name': 'Honda', 'Model_ID': 27908, 'Model_Name': 'TRX500 (Foreman Rubicon)'}"
443,Response returned successfully,Make:honda,"{'Make_ID': 474, 'Make_Name': 'Honda', 'Model_ID': 27909, 'Model_Name': 'TRX500 (Rubicon)'}"
443,Response returned successfully,Make:honda,"{'Make_ID': 474, 'Make_Name': 'Honda', 'Model_ID': 27927, 'Model_Name': 'CB300'}"
443,Response returned successfully,Make:honda,"{'Make_ID': 474, 'Make_Name': 'Honda', 'Model_ID': 27928, 'Model_Name': 'CB1000'}"
443,Response returned successfully,Make:honda,"{'Make_ID': 474, 'Make_Name': 'Honda', 'Model_ID': 27942, 'Model_Name': 'Trail 125'}"
443,Response returned successfully,Make:honda,"{'Make_ID': 474, 'Make_Name': 'Honda', 'Model_ID': 28359, 'Model_Name': 'CMX1100A (REBEL1100)'}"
443,Response returned successfully,Make:honda,"{'Make_ID': 474, 'Make_Name': 'Honda', 'Model_ID': 28360, 'Model_Name': 'CMX1100D (REBEL1100 DCT)'}"
443,Response returned successfully,Make:honda,"{'Make_ID': 474, 'Make_Name': 'Honda', 'Model_ID': 28626, 'Model_Name': 'CRF300L'}"
443,Response returned successfully,Make:honda,"{'Make_ID': 474, 'Make_Name': 'Honda', 'Model_ID': 28850, 'Model_Name': 'Monkey'}"
443,Response returned successfully,Make:honda,"{'Make_ID': 474, 'Make_Name': 'Honda', 'Model_ID': 29417, 'Model_Name': 'CIVIC SI'}"
443,Response returned successfully,Make:honda,"{'Make_ID': 474, 'Make_Name': 'Honda', 'Model_ID': 29509, 'Model_Name': 'Navi'}"
443,Response returned successfully,Make:honda,"{'Make_ID': 474, 'Make_Name': 'Honda', 'Model_ID': 29550, 'Model_Name': 'CMX300'}"
443,Response returned successfully,Make:honda,"{'Make_ID': 474, 'Make_Name': 'Honda', 'Model_ID': 29619, 'Model_Name': 'PCX'}"
443,Response returned successfully,Make:honda,"{'Make_ID': 474, 'Make_Name': 'Honda', 'Model_ID': 29648, 'Model_Name': 'Ruckus'}"
443,Response returned successfully,Make:honda,"{'Make_ID': 474, 'Make_Name': 'Honda', 'Model_ID': 30282, 'Model_Name': 'SXS1000S2 (Talon 1000)'}"
443,Response returned successfully,Make:honda,"{'Make_ID': 474, 'Make_Name': 'Honda', 'Model_ID': 30372, 'Model_Name': 'TRX520'}"
443,Response returned successfully,Make:honda,"{'Make_ID': 474, 'Make_Name': 'Honda', 'Model_ID': 30374, 'Model_Name': 'SXS520'}"
443,Response returned successfully,Make:honda,"{'Make_ID': 474, 'Make_Name': 'Honda', 'Model_ID': 30382, 'Model_Name': 'ATC350X'}"
443,Response returned successfully,Make:honda,"{'Make_ID': 474, 'Make_Name': 'Honda', 'Model_ID': 30468, 'Model_Name': 'ATC250'}"
443,Response returned successfully,Make:honda,"{'Make_ID': 474, 'Make_Name': 'Honda', 'Model_ID': 30469, 'Model_Name': 'ATC200'}"
443,Response returned successfully,Make:honda,"{'Make_ID': 474, 'Make_Name': 'Honda', 'Model_ID': 30813, 'Model_Name': 'CM400'}"
443,Response returned successfully,Make:honda,"{'Make_ID': 474, 'Make_Name': 'Honda', 'Model_ID': 30815, 'Model_Name': 'VF700S (Sabre)'}"
443,Response returned successfully,Make:honda,"{'Make_ID': 474, 'Make_Name': 'Honda', 'Model_ID': 30816, 'Model_Name': 'VF700F (Interceptor)'}"
443,Response returned successfully,Make:honda,"{'Make_ID': 474, 'Make_Name': 'Honda', 'Model_ID': 31535, 'Model_Name': 'Civic Type R'}"
443,Response returned successfully,Make:honda,"{'Make_ID': 474, 'Make_Name': 'Honda', 'Model_ID': 31564, 'Model_Name': 'XR150L'}"
443,Response returned successfully,Make:honda,"{'Make_ID': 474, 'Make_Name': 'Honda', 'Model_ID': 31581, 'Model_Name': 'NU50'}"
443,Response returned successfully,Make:honda,"{'Make_ID': 474, 'Make_Name': 'Honda', 'Model_ID': 31582, 'Model_Name': 'NC50'}"
443,Response returned successfully,Make:honda,"{'Make_ID': 474, 'Make_Name': 'Honda', 'Model_ID': 32049, 'Model_Name': 'XR350R'}"
443,Response returned successfully,Make:honda,"{'Make_ID': 474, 'Make_Name': 'Honda', 'Model_ID': 32079, 'Model_Name': 'SCL500'}"
443,Response returned successfully,Make:honda,"{'Make_ID': 474, 'Make_Name': 'Honda', 'Model_ID': 32124, 'Model_Name': 'ADV160'}"
56,Response returned successfully,Make:toyota,"{'Make_ID': 448, 'Make_Name': 'Toyota', 'Model_ID': 2206, 'Model_Name': 'SCION xA'}"
56,Response returned successfully,Make:toyota,"{'Make_ID': 448, 'Make_Name': 'Toyota', 'Model_ID': 2207, 'Model_Name': 'SCION tC'}"
56,Response returned successfully,Make:toyota,"{'Make_ID': 448, 'Make_Name': 'Toyota', 'Model_ID': 2208, 'Model_Name': 'Corolla'}"
56,Response returned successfully,Make:toyota,"{'Make_ID': 448, 'Make_Name': 'Toyota', 'Model_ID': 2209, 'Model_Name': 'PRIUS'}"
56,Response returned successfully,Make:toyota,"{'Make_ID': 448, 'Make_Name': 'Toyota', 'Model_ID': 2210, 'Model_Name': 'SCION xB'}"
56,Response returned successfully,Make:toyota,"{'Make_ID': 448, 'Make_Name': 'Toyota', 'Model_ID': 2211, 'Model_Name': 'Land Cruiser'}"
56,Response returned successfully,Make:toyota,"{'Make_ID': 448, 'Make_Name': 'Toyota', 'Model_ID': 2213, 'Model_Name': 'Highlander'}"
56,Response returned successfully,Make:toyota,"{'Make_ID': 448, 'Make_Name': 'Toyota', 'Model_ID': 2216, 'Model_Name': '4-Runner'}"
56,Response returned successfully,Make:toyota,"{'Make_ID': 448, 'Make_Name': 'Toyota', 'Model_ID': 2217, 'Model_Name': 'RAV4'}"
56,Response returned successfully,Make:toyota,"{'Make_ID': 448, 'Make_Name': 'Toyota', 'Model_ID': 2223, 'Model_Name': 'Tacoma'}"
56,Response returned successfully,Make:toyota,"{'Make_ID': 448, 'Make_Name': 'Toyota', 'Model_ID': 2315, 'Model_Name': 'Scion FR-S'}"
56,Response returned successfully,Make:toyota,"{'Make_ID': 448, 'Make_Name': 'Toyota', 'Model_ID': 2463, 'Model_Name': 'FJ Cruiser'}"
56,Response returned successfully,Make:toyota,"{'Make_ID': 448, 'Make_Name': 'Toyota', 'Model_ID': 2464, 'Model_Name': 'Yaris'}"
56,Response returned successfully,Make:toyota,"{'Make_ID': 448, 'Make_Name': 'Toyota', 'Model_ID': 2465, 'Model_Name': 'Avalon'}"
56,Response returned successfully,Make:toyota,"{'Make_ID': 448, 'Make_Name': 'Toyota', 'Model_ID': 2466, 'Model_Name': 'Corolla Matrix'}"
56,Response returned successfully,Make:toyota,"{'Make_ID': 448, 'Make_Name': 'Toyota', 'Model_ID': 2467, 'Model_Name': 'Tundra'}"
56,Response returned successfully,Make:toyota,"{'Make_ID': 448, 'Make_Name': 'Toyota', 'Model_ID': 2468, 'Model_Name': 'Sienna'}"
56,Response returned successfully,Make:toyota,"{'Make_ID': 448, 'Make_Name': 'Toyota', 'Model_ID': 2469, 'Model_Name': 'Camry'}"
56,Response returned successfully,Make:toyota,"{'Make_ID': 448, 'Make_Name': 'Toyota', 'Model_ID': 2803, 'Model_Name': 'Camry Solara'}"
56,Response returned successfully,Make:toyota,"{'Make_ID': 448, 'Make_Name': 'Toyota', 'Model_ID': 2827, 'Model_Name': 'Sequoia'}"
56,Response returned successfully,Make:toyota,"{'Make_ID': 448, 'Make_Name': 'Toyota', 'Model_ID': 2933, 'Model_Name': 'SCION xD'}"
56,Response returned successfully,Make:toyota,"{'Make_ID': 448, 'Make_Name': 'Toyota', 'Model_ID': 3005, 'Model_Name': 'Venza'}"
56,Response returned successfully,Make:toyota,"{'Make_ID': 448, 'Make_Name': 'Toyota', 'Model_ID': 3155, 'Model_Name': 'FCHV-adv'}"
56,Response returned successfully,Make:toyota,"{'Make_ID': 448, 'Make_Name': 'Toyota', 'Model_ID': 3644, 'Model_Name': 'Tercel'}"
56,Response returned successfully,Make:toyota,"{'Make_ID': 448, 'Make_Name': 'Toyota', 'Model_ID': 3645, 'Model_Name': 'Celica'}"
56,Response returned successfully,Make:toyota,"{'Make_ID': 448, 'Make_Name': 'Toyota', 'Model_ID': 3647, 'Model_Name': 'Supra'}"
56,Response returned successfully,Make:toyota,"{'Make_ID': 448, 'Make_Name': 'Toyota', 'Model_ID': 3648, 'Model_Name': 'MR2'}"
56,Response returned successfully,Make:toyota,"{'Make_ID': 448, 'Make_Name': 'Toyota', 'Model_ID': 3649, 'Model_Name': 'Paseo'}"
56,Response returned successfully,Make:toyota,"{'Make_ID': 448, 'Make_Name': 'Toyota', 'Model_ID': 3650, 'Model_Name': 'Echo'}"
56,Response returned successfully,Make:toyota,"{'Make_ID': 448, 'Make_Name': 'Toyota', 'Model_ID': 3655, 'Model_Name': 'Cressida'}"
56,Response returned successfully,Make:toyota,"{'Make_ID': 448, 'Make_Name': 'Toyota', 'Model_ID': 3660, 'Model_Name': 'Cargo Van'}"
56,Response returned successfully,Make:toyota,"{'Make_ID': 448, 'Make_Name': 'Toyota', 'Model_ID': 9373, 'Model_Name': 'Previa'}"
56,Response returned successfully,Make:toyota,"{'Make_ID': 448, 'Make_Name': 'Toyota', 'Model_ID': 9374, 'Model_Name': 'T100'}"
56,Response returned successfully,Make:toyota,"{'Make_ID': 448, 'Make_Name': 'Toyota', 'Model_ID': 10198, 'Model_Name': 'Mirai'}"
56,Response returned successfully,Make:toyota,"{'Make_ID': 448, 'Make_Name': 'Toyota', 'Model_ID': 10241, 'Model_Name': 'Scion iQ'}"
56,Response returned successfully,Make:toyota,"{'Make_ID': 448, 'Make_Name': 'Toyota', 'Model_ID': 11501, 'Model_Name': 'Scion iM'}"
56,Response returned successfully,Make:toyota,"{'Make_ID': 448, 'Make_Name': 'Toyota', 'Model_ID': 13602, 'Model_Name': '86'}"
56,Response returned successfully,Make:toyota,"{'Make_ID': 448, 'Make_Name': 'Toyota', 'Model_ID': 13603, 'Model_Name': 'Scion iA'}"
56,Response returned successfully,Make:toyota,"{'Make_ID': 448, 'Make_Name': 'Toyota', 'Model_ID': 13822, 'Model_Name': 'Prius V'}"
56,Response returned successfully,Make:toyota,"{'Make_ID': 448, 'Make_Name': 'Toyota', 'Model_ID': 13823, 'Model_Name': 'Prius C'}"
56,Response returned successfully,Make:toyota,"{'Make_ID': 448, 'Make_Name': 'Toyota', 'Model_ID': 13824, 'Model_Name': 'Prius Plug-in'}"
56,Response returned successfully,Make:toyota,"{'Make_ID': 448, 'Make_Name': 'Toyota', 'Model_ID': 14263, 'Model_Name': 'Pick-Up'}"
56,Response returned successfully,Make:toyota,"{'Make_ID': 448, 'Make_Name': 'Toyota', 'Model_ID': 14264, 'Model_Name': 'Van'}"
56,Response returned successfully,Make:toyota,"{'Make_ID': 448, 'Make_Name': 'Toyota', 'Model_ID': 14510, 'Model_Name': 'Starlet'}"
56,Response returned successfully,Make:toyota,"{'Make_ID': 448, 'Make_Name': 'Toyota', 'Model_ID': 14551, 'Model_Name': 'Corona'}"
56,Response returned successfully,Make:toyota,"{'Make_ID': 448, 'Make_Name': 'Toyota', 'Model_ID': 15800, 'Model_Name': 'COROLLA iM'}"
56,Response returned successfully,Make:toyota,"{'Make_ID': 448, 'Make_Name': 'Toyota', 'Model_ID': 17213, 'Model_Name': 'C-HR'}"
56,Response returned successfully,Make:toyota,"{'Make_ID': 448, 'Make_Name': 'Toyota', 'Model_ID': 21950, 'Model_Name': 'Prius Prime'}"
56,Response returned successfully,Make:toyota,"{'Make_ID': 448, 'Make_Name': 'Toyota', 'Model_ID': 24949, 'Model_Name': 'Yaris iA'}"
56,Response returned successfully,Make:toyota,"{'Make_ID': 448, 'Make_Name': 'Toyota', 'Model_ID': 28070, 'Model_Name': 'RAV4 Prime'}"
56,Response returned successfully,Make:toyota,"{'Make_ID': 448, 'Make_Name': 'Toyota', 'Model_ID': 29274, 'Model_Name': 'COROLLA CROSS'}"
56,Response returned successfully,Make:toyota,"{'Make_ID': 448, 'Make_Name': 'Toyota', 'Model_ID': 29364, 'Model_Name': 'GR86'}"
56,Response returned successfully,Make:toyota,"{'Make_ID': 448, 'Make_Name': 'Toyota', 'Model_ID': 30041, 'Model_Name': 'bZ4X'}"
56,Response returned successfully,Make:toyota,"{'Make_ID': 448, 'Make_Name': 'Toyota', 'Model_ID': 31077, 'Model_Name': 'CROWN'}"
56,Response returned successfully,Make:toyota,"{'Make_ID': 448, 'Make_Name': 'Toyota', 'Model_ID': 31079, 'Model_Name': 'GR COROLLA'}"
56,Response returned successfully,Make:toyota,"{'Make_ID': 448, 'Make_Name': 'Toyota', 'Model_ID': 32304, 'Model_Name': 'Grand Highlander'}"
27,Response returned successfully,Make:mazda,"{'Make_ID': 473, 'Make_Name': 'Mazda', 'Model_ID': 1860, 'Model_Name': 'Tribute'}"
27,Response returned successfully,Make:mazda,"{'Make_ID': 473, 'Make_Name': 'Mazda', 'Model_ID': 2072, 'Model_Name': 'MX-5'}"
27,Response returned successfully,Make:mazda,"{'Make_ID': 473, 'Make_Name': 'Mazda', 'Model_ID': 2073, 'Model_Name': 'RX-8'}"
27,Response returned successfully,Make:mazda,"{'Make_ID': 473, 'Make_Name': 'Mazda', 'Model_ID': 2074, 'Model_Name': 'Mazda3'}"
27,Response returned successfully,Make:mazda,"{'Make_ID': 473, 'Make_Name': 'Mazda', 'Model_ID': 2075, 'Model_Name': 'Mazda5'}"
27,Response returned successfully,Make:mazda,"{'Make_ID': 473, 'Make_Name': 'Mazda', 'Model_ID': 2076, 'Model_Name': 'CX-7'}"
27,Response returned successfully,Make:mazda,"{'Make_ID': 473, 'Make_Name': 'Mazda', 'Model_ID': 2077, 'Model_Name': 'CX-9'}"
27,Response returned successfully,Make:mazda,"{'Make_ID': 473, 'Make_Name': 'Mazda', 'Model_ID': 2078, 'Model_Name': 'Mazda6'}"
27,Response returned successfully,Make:mazda,"{'Make_ID': 473, 'Make_Name': 'Mazda', 'Model_ID': 2153, 'Model_Name': 'Mazda2'}"
27,Response returned successfully,Make:mazda,"{'Make_ID': 473, 'Make_Name': 'Mazda', 'Model_ID': 2322, 'Model_Name': 'MPV'}"
27,Response returned successfully,Make:mazda,"{'Make_ID': 473, 'Make_Name': 'Mazda', 'Model_ID': 2369, 'Model_Name': 'CX-5'}"
27,Response returned successfully,Make:mazda,"{'Make_ID': 473, 'Make_Name': 'Mazda', 'Model_ID': 2741, 'Model_Name': 'B-Series'}"
27,Response returned successfully,Make:mazda,"{'Make_ID': 473, 'Make_Name': 'Mazda', 'Model_ID': 5410, 'Model_Name': 'Protege'}"
27,Response returned successfully,Make:mazda,"{'Make_ID': 473, 'Make_Name': 'Mazda', 'Model_ID': 5470, 'Model_Name': 'Millenia'}"
27,Response returned successfully,Make:mazda,"{'Make_ID': 473, 'Make_Name': 'Mazda', 'Model_ID': 5471, 'Model_Name': '626'}"
27,Response returned successfully,Make:mazda,"{'Make_ID': 473, 'Make_Name': 'Mazda', 'Model_ID': 5494, 'Model_Name': '323'}"
27,Response returned successfully,Make:mazda,"{'Make_ID': 473, 'Make_Name': 'Mazda', 'Model_ID': 5495, 'Model_Name': 'MX-3'}"
27,Response returned successfully,Make:mazda,"{'Make_ID': 473, 'Make_Name': 'Mazda', 'Model_ID': 5496, 'Model_Name': '929'}"
27,Response returned successfully,Make:mazda,"{'Make_ID': 473, 'Make_Name': 'Mazda', 'Model_ID': 5497, 'Model_Name': 'RX-7'}"
27,Response returned successfully,Make:mazda,"{'Make_ID': 473, 'Make_Name': 'Mazda', 'Model_ID': 7791, 'Model_Name': 'MX-6'}"
27,Response returned successfully,Make:mazda,"{'Make_ID': 473, 'Make_Name': 'Mazda', 'Model_ID': 10202, 'Model_Name': 'CX-3'}"
27,Response returned successfully,Make:mazda,"{'Make_ID': 473, 'Make_Name': 'Mazda', 'Model_ID': 13839, 'Model_Name': 'GLC'}"
27,Response returned successfully,Make:mazda,"{'Make_ID': 473, 'Make_Name': 'Mazda', 'Model_ID': 13901, 'Model_Name': 'Navajo'}"
27,Response returned successfully,Make:mazda,"{'Make_ID': 473, 'Make_Name': 'Mazda', 'Model_ID': 26914, 'Model_Name': 'CX-30'}"
27,Response returned successfully,Make:mazda,"{'Make_ID': 473, 'Make_Name': 'Mazda', 'Model_ID': 29125, 'Model_Name': 'MX-30'}"
27,Response returned successfully,Make:mazda,"{'Make_ID': 473, 'Make_Name': 'Mazda', 'Model_ID': 30046, 'Model_Name': 'CX-50'}"
27,Response returned successfully,Make:mazda,"{'Make_ID': 473, 'Make_Name': 'Mazda', 'Model_ID': 31832, 'Model_Name': 'CX-90'}"
42,Response returned successfully,Make:nissan,"{'Make_ID': 478, 'Make_Name': 'Nissan', 'Model_ID': 1890, 'Model_Name': 'GT-R'}"
42,Response returned successfully,Make:nissan,"{'Make_ID': 478, 'Make_Name': 'Nissan', 'Model_ID': 1894, 'Model_Name': 'Versa'}"
42,Response returned successfully,Make:nissan,"{'Make_ID': 478, 'Make_Name': 'Nissan', 'Model_ID': 1898, 'Model_Name': 'Versa Note'}"
42,Response returned successfully,Make:nissan,"{'Make_ID': 478, 'Make_Name': 'Nissan', 'Model_ID': 1904, 'Model_Name': 'Altima'}"
42,Response returned successfully,Make:nissan,"{'Make_ID': 478, 'Make_Name': 'Nissan', 'Model_ID': 1905, 'Model_Name': 'Leaf'}"
42,Response returned successfully,Make:nissan,"{'Make_ID': 478, 'Make_Name': 'Nissan', 'Model_ID': 1906, 'Model_Name': '370Z'}"
42,Response returned successfully,Make:nissan,"{'Make_ID': 478, 'Make_Name': 'Nissan', 'Model_ID': 1907, 'Model_Name': 'Sentra'}"
42,Response returned successfully,Make:nissan,"{'Make_ID': 478, 'Make_Name': 'Nissan', 'Model_ID': 1911, 'Model_Name': 'Pathfinder'}"
42,Response returned successfully,Make:nissan,"{'Make_ID': 478, 'Make_Name': 'Nissan', 'Model_ID': 1912, 'Model_Name': 'Juke'}"
42,Response returned successfully,Make:nissan,"{'Make_ID': 478, 'Make_Name': 'Nissan', 'Model_ID': 1913, 'Model_Name': 'Rogue'}"
42,Response returned successfully,Make:nissan,"{'Make_ID': 478, 'Make_Name': 'Nissan', 'Model_ID': 1914, 'Model_Name': 'Murano'}"
42,Response returned successfully,Make:nissan,"{'Make_ID': 478, 'Make_Name': 'Nissan', 'Model_ID': 1915, 'Model_Name': 'Armada'}"
42,Response returned successfully,Make:nissan,"{'Make_ID': 478, 'Make_Name': 'Nissan', 'Model_ID': 1916, 'Model_Name': 'Xterra'}"
42,Response returned successfully,Make:nissan,"{'Make_ID': 478, 'Make_Name': 'Nissan', 'Model_ID': 1917, 'Model_Name': 'Quest'}"
42,Response returned successfully,Make:nissan,"{'Make_ID': 478, 'Make_Name': 'Nissan', 'Model_ID': 1918, 'Model_Name': 'NV200'}"
42,Response returned successfully,Make:nissan,"{'Make_ID': 478, 'Make_Name': 'Nissan', 'Model_ID': 1919, 'Model_Name': 'Frontier'}"
42,Response returned successfully,Make:nissan,"{'Make_ID': 478, 'Make_Name': 'Nissan', 'Model_ID': 1920, 'Model_Name': 'Titan'}"
42,Response returned successfully,Make:nissan,"{'Make_ID': 478, 'Make_Name': 'Nissan', 'Model_ID': 1922, 'Model_Name': 'NV'}"
42,Response returned successfully,Make:nissan,"{'Make_ID': 478, 'Make_Name': 'Nissan', 'Model_ID': 2302, 'Model_Name': 'Maxima'}"
42,Response returned successfully,Make:nissan,"{'Make_ID': 478, 'Make_Name': 'Nissan', 'Model_ID': 2303, 'Model_Name': '350Z'}"
42,Response returned successfully,Make:nissan,"{'Make_ID': 478, 'Make_Name': 'Nissan', 'Model_ID': 2323, 'Model_Name': 'X-Trail'}"
42,Response returned successfully,Make:nissan,"{'Make_ID': 478, 'Make_Name': 'Nissan', 'Model_ID': 2341, 'Model_Name': 'Cube'}"
42,Response returned successfully,Make:nissan,"{'Make_ID': 478, 'Make_Name': 'Nissan', 'Model_ID': 5565, 'Model_Name': '240SX'}"
42,Response returned successfully,Make:nissan,"{'Make_ID': 478, 'Make_Name': 'Nissan', 'Model_ID': 5566, 'Model_Name': '300ZX'}"
42,Response returned successfully,Make:nissan,"{'Make_ID': 478, 'Make_Name': 'Nissan', 'Model_ID': 5748, 'Model_Name': 'Pickup'}"
42,Response returned successfully,Make:nissan,"{'Make_ID': 478, 'Make_Name': 'Nissan', 'Model_ID': 5756, 'Model_Name': 'Altra-EV'}"
42,Response returned successfully,Make:nissan,"{'Make_ID': 478, 'Make_Name': 'Nissan', 'Model_ID': 11506, 'Model_Name': 'NX'}"
42,Response returned successfully,Make:nissan,"{'Make_ID': 478, 'Make_Name': 'Nissan', 'Model_ID': 11507, 'Model_Name': 'NX/Sentra'}"
42,Response returned successfully,Make:nissan,"{'Make_ID': 478, 'Make_Name': 'Nissan', 'Model_ID': 11508, 'Model_Name': 'Stanza'}"
42,Response returned successfully,Make:nissan,"{'Make_ID': 478, 'Make_Name': 'Nissan', 'Model_ID': 11509, 'Model_Name': 'Axxess'}"
42,Response returned successfully,Make:nissan,"{'Make_ID': 478, 'Make_Name': 'Nissan', 'Model_ID': 13524, 'Model_Name': 'PULSAR'}"
42,Response returned successfully,Make:nissan,"{'Make_ID': 478, 'Make_Name': 'Nissan', 'Model_ID': 14272, 'Model_Name': 'Van'}"
42,Response returned successfully,Make:nissan,"{'Make_ID': 478, 'Make_Name': 'Nissan', 'Model_ID': 14329, 'Model_Name': 'Stanza Wagon'}"
42,Response returned successfully,Make:nissan,"{'Make_ID': 478, 'Make_Name': 'Nissan', 'Model_ID': 14385, 'Model_Name': '200SX'}"
42,Response returned successfully,Make:nissan,"{'Make_ID': 478, 'Make_Name': 'Nissan', 'Model_ID': 17214, 'Model_Name': 'Rogue Sport'}"
42,Response returned successfully,Make:nissan,"{'Make_ID': 478, 'Make_Name': 'Nissan', 'Model_ID': 17615, 'Model_Name': 'Sentra Classic'}"
42,Response returned successfully,Make:nissan,"{'Make_ID': 478, 'Make_Name': 'Nissan', 'Model_ID': 17616, 'Model_Name': 'Altra'}"
42,Response returned successfully,Make:nissan,"{'Make_ID': 478, 'Make_Name': 'Nissan', 'Model_ID': 17817, 'Model_Name': 'Micra'}"
42,Response returned successfully,Make:nissan,"{'Make_ID': 478, 'Make_Name': 'Nissan', 'Model_ID': 18137, 'Model_Name': 'Rogue Select'}"
42,Response returned successfully,Make:nissan,"{'Make_ID': 478, 'Make_Name': 'Nissan', 'Model_ID': 22791, 'Model_Name': 'Kicks'}"
42,Response returned successfully,Make:nissan,"{'Make_ID': 478, 'Make_Name': 'Nissan', 'Model_ID': 30039, 'Model_Name': 'NISSAN Z'}"
42,Response returned successfully,Make:nissan,"{'Make_ID': 478, 'Make_Name': 'Nissan', 'Model_ID': 30884, 'Model_Name': 'ARIYA'}"
18,Response returned successfully,Make:lexus,"{'Make_ID': 515, 'Make_Name': 'Lexus', 'Model_ID': 2180, 'Model_Name': 'GS'}"
18,Response returned successfully,Make:lexus,"{'Make_ID': 515, 'Make_Name': 'Lexus', 'Model_ID': 2182, 'Model_Name': 'LS'}"
18,Response returned successfully,Make:lexus,"{'Make_ID': 515, 'Make_Name': 'Lexus', 'Model_ID': 2183, 'Model_Name': 'SC'}"
18,Response returned successfully,Make:lexus,"{'Make_ID': 515, 'Make_Name': 'Lexus', 'Model_ID': 2184, 'Model_Name': 'IS'}"
18,Response returned successfully,Make:lexus,"{'Make_ID': 515, 'Make_Name': 'Lexus', 'Model_ID': 2212, 'Model_Name': 'LX'}"
18,Response returned successfully,Make:lexus,"{'Make_ID': 515, 'Make_Name': 'Lexus', 'Model_ID': 2214, 'Model_Name': 'RX'}"
18,Response returned successfully,Make:lexus,"{'Make_ID': 515, 'Make_Name': 'Lexus', 'Model_ID': 2215, 'Model_Name': 'GX'}"
18,Response returned successfully,Make:lexus,"{'Make_ID': 515, 'Make_Name': 'Lexus', 'Model_ID': 2475, 'Model_Name': 'ES'}"
18,Response returned successfully,Make:lexus,"{'Make_ID': 515, 'Make_Name': 'Lexus', 'Model_ID': 3154, 'Model_Name': 'CT'}"
18,Response returned successfully,Make:lexus,"{'Make_ID': 515, 'Make_Name': 'Lexus', 'Model_ID': 3185, 'Model_Name': 'HS'}"
18,Response returned successfully,Make:lexus,"{'Make_ID': 515, 'Make_Name': 'Lexus', 'Model_ID': 3406, 'Model_Name': 'RC'}"
18,Response returned successfully,Make:lexus,"{'Make_ID': 515, 'Make_Name': 'Lexus', 'Model_ID': 3652, 'Model_Name': 'LFA'}"
18,Response returned successfully,Make:lexus,"{'Make_ID': 515, 'Make_Name': 'Lexus', 'Model_ID': 3653, 'Model_Name': 'NX'}"
18,Response returned successfully,Make:lexus,"{'Make_ID': 515, 'Make_Name': 'Lexus', 'Model_ID': 21951, 'Model_Name': 'RC-F'}"
18,Response returned successfully,Make:lexus,"{'Make_ID': 515, 'Make_Name': 'Lexus', 'Model_ID': 24941, 'Model_Name': 'LC'}"
18,Response returned successfully,Make:lexus,"{'Make_ID': 515, 'Make_Name': 'Lexus', 'Model_ID': 24984, 'Model_Name': 'UX'}"
18,Response returned successfully,Make:lexus,"{'Make_ID': 515, 'Make_Name': 'Lexus', 'Model_ID': 31443, 'Model_Name': 'RZ 450e'}"
18,Response returned successfully,Make:lexus,"{'Make_ID': 515, 'Make_Name': 'Lexus', 'Model_ID': 32636, 'Model_Name': 'TX'}"
27,Response returned successfully,Make:kia,"{'Make_ID': 499, 'Make_Name': 'Kia', 'Model_ID': 2299, 'Model_Name': 'Rio'}"
27,Response returned successfully,Make:kia,"{'Make_ID': 499, 'Make_Name': 'Kia', 'Model_ID': 2460, 'Model_Name': 'Soul'}"
27,Response returned successfully,Make:kia,"{'Make_ID': 499, 'Make_Name': 'Kia', 'Model_ID': 2461, 'Model_Name': 'Borrego'}"
27,Response returned successfully,Make:kia,"{'Make_ID': 499, 'Make_Name': 'Kia', 'Model_ID': 2462, 'Model_Name': 'Forte'}"
27,Response returned successfully,Make:kia,"{'Make_ID': 499, 'Make_Name': 'Kia', 'Model_ID': 2738, 'Model_Name': 'Rondo'}"
27,Response returned successfully,Make:kia,"{'Make_ID': 499, 'Make_Name': 'Kia', 'Model_ID': 2739, 'Model_Name': 'Optima'}"
27,Response returned successfully,Make:kia,"{'Make_ID': 499, 'Make_Name': 'Kia', 'Model_ID': 2740, 'Model_Name': 'Sedona'}"
27,Response returned successfully,Make:kia,"{'Make_ID': 499, 'Make_Name': 'Kia', 'Model_ID': 2769, 'Model_Name': 'Sorento'}"
27,Response returned successfully,Make:kia,"{'Make_ID': 499, 'Make_Name': 'Kia', 'Model_ID': 2770, 'Model_Name': 'Sportage'}"
27,Response returned successfully,Make:kia,"{'Make_ID': 499, 'Make_Name': 'Kia', 'Model_ID': 3071, 'Model_Name': 'Cadenza'}"
27,Response returned successfully,Make:kia,"{'Make_ID': 499, 'Make_Name': 'Kia', 'Model_ID': 3184, 'Model_Name': 'K900'}"
27,Response returned successfully,Make:kia,"{'Make_ID': 499, 'Make_Name': 'Kia', 'Model_ID': 5498, 'Model_Name': 'Sephia'}"
27,Response returned successfully,Make:kia,"{'Make_ID': 499, 'Make_Name': 'Kia', 'Model_ID': 5499, 'Model_Name': 'Spectra'}"
27,Response returned successfully,Make:kia,"{'Make_ID': 499, 'Make_Name': 'Kia', 'Model_ID': 5500, 'Model_Name': 'Amanti'}"
27,Response returned successfully,Make:kia,"{'Make_ID': 499, 'Make_Name': 'Kia', 'Model_ID': 5759, 'Model_Name': 'Spectra LD'}"
27,Response returned successfully,Make:kia,"{'Make_ID': 499, 'Make_Name': 'Kia', 'Model_ID': 9243, 'Model_Name': 'Sephia II/Spectra'}"
27,Response returned successfully,Make:kia,"{'Make_ID': 499, 'Make_Name': 'Kia', 'Model_ID': 12815, 'Model_Name': 'Forte Koup'}"
27,Response returned successfully,Make:kia,"{'Make_ID': 499, 'Make_Name': 'Kia', 'Model_ID': 13630, 'Model_Name': 'Soul EV'}"
27,Response returned successfully,Make:kia,"{'Make_ID': 5848, 'Make_Name': 'MGS Grand Sport (Mardikian)', 'Model_ID': 15271, 'Model_Name': 'Miami'}"
27,Response returned successfully,Make:kia,"{'Make_ID': 499, 'Make_Name': 'Kia', 'Model_ID': 15705, 'Model_Name': 'Niro'}"
27,Response returned successfully,Make:kia,"{'Make_ID': 499, 'Make_Name': 'Kia', 'Model_ID': 21370, 'Model_Name': 'Stinger'}"
27,Response returned successfully,Make:kia,"{'Make_ID': 499, 'Make_Name': 'Kia', 'Model_ID': 25756, 'Model_Name': 'Telluride'}"
27,Response returned successfully,Make:kia,"{'Make_ID': 499, 'Make_Name': 'Kia', 'Model_ID': 26900, 'Model_Name': 'Seltos'}"
27,Response returned successfully,Make:kia,"{'Make_ID': 499, 'Make_Name': 'Kia', 'Model_ID': 27527, 'Model_Name': 'K5'}"
27,Response returned successfully,Make:kia,"{'Make_ID': 499, 'Make_Name': 'Kia', 'Model_ID': 28294, 'Model_Name': 'Carnival'}"
27,Response returned successfully,Make:kia,"{'Make_ID': 499, 'Make_Name': 'Kia', 'Model_ID': 29462, 'Model_Name': 'EV6'}"
27,Response returned successfully,Make:kia,"{'Make_ID': 499, 'Make_Name': 'Kia', 'Model_ID': 32587, 'Model_Name': 'EV9'}"
